Denumire Operator,Cod Fiscal,Localitate,Nr.Vehicule,Export data,Clase Transportator
LOSITOURS SRL,R1612741,Drobeta Turnu Severin,1,2026.07,Operatori mici
GENERAL TRANS MAN S.R.L.,R13568160,Bucuresti,1,2026.07,Operatori mici
MORIO SRL,R10569853,Moinesti,2,2026.07,Operatori mici
TRANSPORT PRESTARI SERVICII CU UITLAJE TERASIERE MEHEDINTI SA,R9824545,Simian,5,2026.07,Operatori mici
NORD SPEDITION,R26609180,Radauti,5,2026.07,Operatori mici
VIMASI S.R.L.,R16674041,Dragoiesti,10,2026.07,Operatori medii 1
GLOBUS REISEN SRL,R26857259,Gorban,2,2026.07,Operatori mici
NERCOM DINAMIC SRL,R29811744,Cavnic,3,2026.07,Operatori mici
RALUCA SI RARES COMPANY,R51067668,Calinesti,1,2026.07,Operatori mici
VIRGINIA SPEED SRL-D,R33405230,Baia Mare,1,2026.07,Operatori mici
FRIGO EMMA TRANS SRL,R50969360,Iasi,1,2026.07,Operatori mici
ADIDAV CC TRANS SRL,R48533334,Tandarei,1,2026.07,Operatori mici
PERFECT LINE SERBIA SRL,R33406014,Drobeta Turnu Severin,1,2026.07,Operatori mici
"TEATRUL NATIONAL ""VASILE ALECSANDRI"" IASI",R4540445,Iasi,1,2026.07,Operatori mici
LEODOR TRACK CON S.R.L.,R47251823,Iasi,1,2026.07,Operatori mici
ASAP TRANS SRL,R49056985,Iasi,1,2026.07,Operatori mici
LUXURY LOGISTIC TRANS S.R.L.,R46143939,Iasi,1,2026.07,Operatori mici
KRISTEL MANKAR SRL,R43456958,Iasi,1,2026.07,Operatori mici
MCT VIP SRL,R35361466,Iasi,1,2026.07,Operatori mici
TRANSGRUPAJ SRL,R40308680,Iasi,1,2026.07,Operatori mici
DSC TIR TRANS SRL,R39811040,Iasi,1,2026.07,Operatori mici
MINCO IMPEX SRL,R5407588,Albesti Paleologu,1,2026.07,Operatori mici
MANDRU INTERPREST SRL,R31149313,Aricestii Rahtivani,1,2026.07,Operatori mici
ANDAD MAR TAXI SRL -D,R34757234,Aricestii Rahtivani,1,2026.07,Operatori mici
MCV LOGISERV SRL,R38831694,Cerasu,1,2026.07,Operatori mici
DAVID EUROTRANS SRL,R21766842,Ploiesti,1,2026.07,Operatori mici
TRUCK EURO EXPRESS SRL,R34356976,Ploiesti,1,2026.07,Operatori mici
AKO ECO TRANS S.R.L.,R50334244,Ploiesti,1,2026.07,Operatori mici
PRO PAN FOREST SRL,R10825951,Medias,1,2026.07,Operatori mici
MCDKIM SRL,R5056924,Novaci,1,2026.07,Operatori mici
EASTERNTRANS SRL,R16103096,Novaci,1,2026.07,Operatori mici
GO DBF TRANS SRL,R50433663,Fratesti,1,2026.07,Operatori mici
AMRC BUSINESS SOLUTIONS SRL,R33514849,Bragadiru,1,2026.07,Operatori mici
ANCORR LOGISTIC TRANSPORT SRL,R42298493,Magurele,1,2026.07,Operatori mici
IDEAL TRANSPORT  LOGISTIC INTERNATIONAL SRL,R45999136,Otopeni,1,2026.07,Operatori mici
MATI TRANSPORTER SRL,R38378241,Dridu,1,2026.07,Operatori mici
ANS 2014 TRANSPORT SRL,R40430457,Slobozia,1,2026.07,Operatori mici
PEISAGISTICA PREST CONSTRUCT SRL,R44752099,Slobozia,1,2026.07,Operatori mici
BASKO ALLCOM SRL,R30574692,Iasi,1,2026.07,Operatori mici
YST TRUCK,R50619594,Baiculesti,1,2026.07,Operatori mici
ALEX ROAD SPEED,R38222659,Bascov,1,2026.07,Operatori mici
COM DIVERS SPEED ROUTE,R26169438,Bascov,1,2026.07,Operatori mici
DANY TRUCK SPEDITION SRL,R27291440,Bradu,1,2026.07,Operatori mici
GIX LOGISTIC JUNIOR,R41640902,Costesti,1,2026.07,Operatori mici
10X CARGO SRL,R51084499,Cosesti,1,2026.07,Operatori mici
IULIAN TRANSPORT 2004 SRL,R16989317,Cuca,1,2026.07,Operatori mici
DENI GALI SPEDITION SRL,R29819659,Oarja,1,2026.07,Operatori mici
SASCO LOGISTIC SRL,R38041571,Pitesti,1,2026.07,Operatori mici
YRENE SPEDITION SRL,R43404738,Pitesti,1,2026.07,Operatori mici
Carpe Diem International SRL,R32137597,Pitesti,1,2026.07,Operatori mici
MARATON M.A.F INTER-STAR S.R.L,R27774909,Pitesti,1,2026.07,Operatori mici
MEHTUP SRL,R4319461,Pitesti,1,2026.07,Operatori mici
DXM SOLUTION SRL,R49212561,Pitesti,1,2026.07,Operatori mici
ERISAB  TOP TRANS SRL,R50930379,Pitesti,1,2026.07,Operatori mici
N & D KOUTOVAS TRANS,R21497612,Arad,1,2026.07,Operatori mici
TURKSEVEN DENIZ TRANS SRL,R43033923,Chisineu Cris,1,2026.07,Operatori mici
SPEED SUPERFAST SRL,R50246002,Ineu,1,2026.07,Operatori mici
SVEDUNEAC TRANS SRL,R34542120,Darmanesti,1,2026.07,Operatori mici
RYCO ANYA SRL,R15549377,Bistrita,1,2026.07,Operatori mici
WOODYSTAR TRDG SRL,R34084839,Bistrita,1,2026.07,Operatori mici
DORALUC TRANS SRL,R18668402,Braila,1,2026.07,Operatori mici
HURDUC DANI TRANS,R47371269,Braila,1,2026.07,Operatori mici
DUM KALY LOGISTIC SRL,R40124121,Braila,1,2026.07,Operatori mici
CONCEPT AGRO CONSULT SRL,R38467748,Botosani,1,2026.07,Operatori mici
ELIT TRANS EXPEDITION,R40101144,Brasov,1,2026.07,Operatori mici
VICNELI TRANS SRL,R8424052,Brasov,1,2026.07,Operatori mici
MRM TRANS SRL,R8115936,Brasov,1,2026.07,Operatori mici
AGRO CAR SERVICE SRL,R14122180,Brasov,1,2026.07,Operatori mici
Y&W TRANS SRL,R9761447,Brasov,1,2026.07,Operatori mici
PRIMO CEZAR S.R.L.,R15294796,Brasov,1,2026.07,Operatori mici
OCTA SRL,R3783012,Brasov,1,2026.07,Operatori mici
NITA ORIENT SNC,R5709721,Buzau,1,2026.07,Operatori mici
GECOTRANS A.C.T S.R.L,R22935931,Buzau,1,2026.07,Operatori mici
TRANSMACOR SRL,R10247041,Buzau,1,2026.07,Operatori mici
SORIN TRANSPORT TRUCK SRL,R47166515,Buzau,1,2026.07,Operatori mici
ADINA CAR TRANS SRL,R30964750,Buzau,1,2026.07,Operatori mici
STOIAN PERFECT TRANS SRL,R41730835,Buzau,1,2026.07,Operatori mici
AUTOMOTIVE CREATIONS SRL,R25823177,Fagaras,1,2026.07,Operatori mici
STEFAN GENERAL TRANS SRL,R14365066,Minzalesti,1,2026.07,Operatori mici
VASI GAS COM SRL,R28765267,Oltenita,1,2026.07,Operatori mici
ALMER TRANS SRL,R15746603,Constanta,1,2026.07,Operatori mici
AXA RAPID TRANS SRL,R51357530,Corbii Mari,1,2026.07,Operatori mici
EGEHAN LOGISTIC SRL,R30679419,Gaesti,1,2026.07,Operatori mici
MIVA EXPRES DUMY SRL,R28996385,Manesti,1,2026.07,Operatori mici
VASTANIK EXPRES S.R.L.,R29141075,Gorban,1,2026.07,Operatori mici
TEOTRANSCDV SRL,R48430673,Valea Lupului,1,2026.07,Operatori mici
MARCOTRAN BMD,R38965424,Zvoristea,1,2026.07,Operatori mici
ORZAN TRANS,R16340416,Zarnesti,1,2026.07,Operatori mici
PETRE INTERLOGISTIC SRL,R42380304,Valenii de Munte,1,2026.07,Operatori mici
CEAGCOSMO TRANS SRL,R39104082,Visina,1,2026.07,Operatori mici
M. N. M EXPEDITII TRANS SRL,R47024685,Visina,1,2026.07,Operatori mici
COVRIG AGRO TRANS SRL,R46453603,Visina,1,2026.07,Operatori mici
ACN NED SPEDITION,R51102609,Visina,1,2026.07,Operatori mici
VIMACON TRANS RO SRL,R28259685,Valea Adinca,1,2026.07,Operatori mici
REBENSPASI SRL,R37474879,Vama,1,2026.07,Operatori mici
N&M TRANSPORT MIH SRL,R17042019,Rucar,1,2026.07,Operatori mici
DENI TRANS SRL,R23970430,Todiresti,1,2026.07,Operatori mici
AXI GABI COM SRL,R30136846,Pascani,1,2026.07,Operatori mici
CLAUDEL TRANS S.R.L.,R28054035,Tecuci,1,2026.07,Operatori mici
CELEBI ENERGY TECH SRL,R50500460,Tileagd,1,2026.07,Operatori mici
AUTO ROLLA SERVICE SRL,R6622754,Vadu Pasii,1,2026.07,Operatori mici
BIT RUT DALRO SRL,R41332635,Viseu de Sus,1,2026.07,Operatori mici
DAILY TRANSPORT GEORGE SRL,R37195556,Halchiu,1,2026.07,Operatori mici
CARVIMIR TRANS SRL,R32385983,Vaslui,1,2026.07,Operatori mici
LU NI LU TRANSPORT EXPEDITII SRL,R38962282,Turnu Magurele,1,2026.07,Operatori mici
GLOBAL MC NUTT SERVICES SRL,R29462938,Sighetul Marmatiei,1,2026.07,Operatori mici
ASTORIA TRADING SRL,R17134589,Toplita,1,2026.07,Operatori mici
MINCO ROMANIA SRL,R14100204,Rosiori de Vede,1,2026.07,Operatori mici
TEHNO TRANS SRL,R17599720,Rosiori de Vede,1,2026.07,Operatori mici
TELECHE TRANS SRL,R39489981,Otesani,1,2026.07,Operatori mici
STANITRANS SRL,R18188722,Mateesti,1,2026.07,Operatori mici
PANDA LOGISTIC SRL,R47679308,Ramnicu Valcea,1,2026.07,Operatori mici
GAST AUTO SERV SRL,R13196970,Tatarani,1,2026.07,Operatori mici
VALENTINA TRANS IDEAL,R51231590,Bucuresti,1,2026.07,Operatori mici
UMUT TRANS SPEDITION,R31629451,Bucuresti,1,2026.07,Operatori mici
SORIN TRANSPORT,R9587147,Bucuresti,1,2026.07,Operatori mici
SONYA TRANSLOGISTIC SRL,R50305435,Bucuresti,1,2026.07,Operatori mici
ALTDEX LOGISTIC S.R.L,R52908149,Bucuresti,1,2026.07,Operatori mici
REIS GLOBAL  TRANSPORT SRL,R54200300,Bucuresti,1,2026.07,Operatori mici
NEC TRANSPORT INTERNATIONAL LOGISTIC SRL,R32637061,Bucuresti,1,2026.07,Operatori mici
DANYS PRODUCT SRL,R17764452,Bucuresti,1,2026.07,Operatori mici
ROMWAY LOGISTICS SRL,R33255507,Bucuresti,1,2026.07,Operatori mici
ALCATRAZ GLOBAL LOGISTICS SRL,R47215529,Bucuresti,1,2026.07,Operatori mici
ATLAS ENGINEERING SERVICES,R44752382,Bucuresti,1,2026.07,Operatori mici
TUNGA TRANSPORT SRL,R47365895,Bucuresti,1,2026.07,Operatori mici
FLORIN & DRAGOS PRES SRL,R45200491,Bucuresti,1,2026.07,Operatori mici
GEMIRO TRANS INTERNATIONAL SRL,R14880711,Bucuresti,1,2026.07,Operatori mici
CARGOMATIC SRL,R14913983,Bucuresti,1,2026.07,Operatori mici
FM TRANSACTIV SRL,R18536274,Bucuresti,1,2026.07,Operatori mici
DINADI SRL,R5144813,Bucuresti,1,2026.07,Operatori mici
MESSER ROMANIA GAZ,R10547308,Bucuresti,1,2026.07,Operatori mici
SIMIRODAVA,R10815770,Badeuti,1,2026.07,Operatori mici
TRANS RODAN SRL,R14943526,Bucuresti,1,2026.07,Operatori mici
BEST INTERTRANS SRL,R6767585,Bucuresti,1,2026.07,Operatori mici
CRIS STYLE IMPEX SRL,R1598841,Bucuresti,1,2026.07,Operatori mici
BOBY TRANS IMPEX SRL,R4610389,Bucuresti,1,2026.07,Operatori mici
GEOTRANSPORT AUTOSERV SRL,R5283030,Bucuresti,1,2026.07,Operatori mici
NOVA IMAR SRL,R18264170,Bucuresti,1,2026.07,Operatori mici
C&I COMSERV S.R.L,R8070826,Bucuresti,1,2026.07,Operatori mici
VENKA TRANSPORT,R2629202,Bucuresti,1,2026.07,Operatori mici
ANDA INTERMED SRL,R16465681,Bucuresti,1,2026.07,Operatori mici
FAST SAM CARGO TRANS,R27898516,Scheia,1,2026.07,Operatori mici
VMS TRANSPORTE SRL,R38502977,Suceava,1,2026.07,Operatori mici
VEX SIM GENERAL SERVICE COMPANY,R3904033,Suceava,1,2026.07,Operatori mici
EUROAXA DYNAMIC SERVIS SRL,R39933250,Suceava,1,2026.07,Operatori mici
CLARA HIT TRANS SRL,R24872651,Remus,1,2026.07,Operatori mici
COSTI TRANS SRL,R24024180,Ciurari-Deal,1,2026.07,Operatori mici
CHINDEA LOGISTIC SRL,R42538553,VINTU DE JOS,1,2026.07,Operatori mici
LUMARAD TRANSPORT S.R.L,R32630543,Sat Antonesti,1,2026.07,Operatori mici
AHG TRADE LOGISTIC SRL,R48084332,VOLUNTARI,1,2026.07,Operatori mici
ANA MAR FAMILY TRANS SRL,R43682122,SECTOR 5,1,2026.07,Operatori mici
SZENDY PROD SRL,R23575199,ORASU NOU,1,2026.07,Operatori mici
ALMISIM TOTAL ONE SRL,R35238871,Com. CUCA,1,2026.07,Operatori mici
LIDER GROUP MOLDOVA SRL,R36209831,Bucure?ti,1,2026.07,Operatori mici
UAB MOLDTRANS SRL,R43439051,RUGINOASA,1,2026.07,Operatori mici
STIRBU CARGO TRANS SRL,R44551443,"Bucuresti, sector 2",1,2026.07,Operatori mici
CRIVAL PARTENER,R39354380,Slobozia,1,2026.07,Operatori mici
ERY FRIGO EXPRES SRL,R31629575,"BUCURETI, SECTOR 4",1,2026.07,Operatori mici
ADY SUPERTRANS LKW EXPRES SRL,R42631660,"BUCURESTI , SECTOR 5",1,2026.07,Operatori mici
CRISTI SERVICE RAIF 2004 SRL,R16194310,Lunca Corbului,1,2026.07,Operatori mici
ZEYNEP TRANS GLOBAL SRL,R46857466,"bucuresti,sector 4",1,2026.07,Operatori mici
RCG-REAL CARGO GROUP SRL,R50938828,"Bucuresti,sector 1",1,2026.07,Operatori mici
GEOSAN LOGISTIC S.R.L.,R48540463,"Bucuresti,sector 1",1,2026.07,Operatori mici
ENARALIC TRANS SRL,R38164507,Ionesti,1,2026.07,Operatori mici
MARBIA SPEDITION SRL,R41905520,sat Tantareni,1,2026.07,Operatori mici
RLS TRANSPORT SRL,R50058254,Titesti,1,2026.07,Operatori mici
MODEUROTRANS SRL,R43902252,"Sat.Bratuleni, Comuna Miroslava",1,2026.07,Operatori mici
SRH TRANS SRL,R44091809,Bucuresti Sector 2,1,2026.07,Operatori mici
FIRMA TRANSPORT JARDEL SPEDITION SRL,R44361562,Sector 6,1,2026.07,Operatori mici
IULIAN NIKOLAS RADID TRANS,R42876902,Manastioara,1,2026.07,Operatori mici
CORI ETALON TRANS SRL,R33466415,UNGHENI,1,2026.07,Operatori mici
SABEL TRANS OIL,R35603691,"Bucure?ti, Sector 2",1,2026.07,Operatori mici
TUDOR EL TRANS,R44517824,Potocelu,1,2026.07,Operatori mici
DAPAN TRANS,R48811767,SAT VISINA,1,2026.07,Operatori mici
TZA & DORNEA TRANS SRL,R47105739,"SATU NOU, MUNTENII DE SUS",1,2026.07,Operatori mici
DREIWERTRANS,R6723554,BUCOVAT,1,2026.07,Operatori mici
REGMAR TRANS SRL,R36935427,MARSANI,1,2026.07,Operatori mici
ANDREICA P. GHEORGHE INTREPRINDERE INDIVIDUALA,R33134653,FERESTI,1,2026.07,Operatori mici
RIPROTRANS EXPERT SRL,R39165470,RAFOV,1,2026.07,Operatori mici
SV TRANS LINE SRL,R49601518,BREAZU,1,2026.07,Operatori mici
LCM TRANSPORT S.R.L.,R50374613,MUN. CÂMPULUNG,1,2026.07,Operatori mici
REBECA & ANASTASIA TRANS SRL,R47007587,SPRING,1,2026.07,Operatori mici
SELANI NUC SRL,R41650450,SAT VITANESTI,1,2026.07,Operatori mici
NEX TRANS SRL,R16007595,Onesti,2,2026.07,Operatori mici
BETON BANAT,R24582720,Oravita,8,2026.07,Operatori mici
RAPID SPED SRL,R14660600,Targu Secuiesc,3,2026.07,Operatori mici
EUROTRANSORIENT AUTO,R477019,"BUCURESTI, SECTOR 6",3,2026.07,Operatori mici
MAN TRANS 2006 SRL,R19154604,Maracineni,5,2026.07,Operatori mici
MGD SIB SRL,R34999793,Selimbar,3,2026.07,Operatori mici
BIM SRL,R3572228,Sibiu,8,2026.07,Operatori mici
RANCAR TRANS  SRL,R50238727,Bucuresti,2,2026.07,Operatori mici
IZO VILLAS SRL,R10455220,Sacele,3,2026.07,Operatori mici
BUSINESS BUILDERS MANAGEMENT TRANSPORT SRL,R29503310,Bucuresti,4,2026.07,Operatori mici
NESO MATTINA SRL,R46219883,Selimbar,2,2026.07,Operatori mici
SEBWOLF TRUCK TRANS S.R.L.,R38468034,Suceava,2,2026.07,Operatori mici
TRANS BATE SRL,R28570150,Recas,2,2026.07,Operatori mici
SGT CARGO SPEDITION SRL,R34202357,Granicesti,2,2026.07,Operatori mici
B & B RO-TRACKS SPEED CONCEPT S.R.L.,R41514912,Voluntari,2,2026.07,Operatori mici
MIKE-RECFOREST SRL,R29064509,Repedea,2,2026.07,Operatori mici
IEZERUL MIC SRL,R10991830,Sebes,2,2026.07,Operatori mici
ISABEL TRANS SRL,R24561736,Sebes,2,2026.07,Operatori mici
ATIMAR TRANS SRL,R9758867,Gilau,2,2026.07,Operatori mici
MAFTEI PAT SRL,R17134155,Vaslui,2,2026.07,Operatori mici
BUCOVINA CONSTRUCT HOUSE SRL,R42509485,Vama,2,2026.07,Operatori mici
AFA TRANS LOGISTIC SRL,R43377161,Lunca Cetatuii,2,2026.07,Operatori mici
FAP-SPEDITION SRL,R27408673,Bacau,2,2026.07,Operatori mici
MARBACH S.R.L.,R16260228,Bacau,2,2026.07,Operatori mici
SERGIU & BIA TRANS SRL,R38371901,Arad,2,2026.07,Operatori mici
MEDGAZ SRL,R12752490,Constanta,2,2026.07,Operatori mici
TRANSPORT GENERAL CHRISTIAN SRL,R43863005,Oltenita,2,2026.07,Operatori mici
MEGA CONDOR VITAL,R41425530,Gaesti,2,2026.07,Operatori mici
BO RANTRANS SRL,R32747757,Balc,2,2026.07,Operatori mici
ALMELSTEL TRANS SRL,R36123535,Iasi,2,2026.07,Operatori mici
TRANSPORT STAR COMPANY,R48019237,Barcanesti,2,2026.07,Operatori mici
ROMPALET 24 SRL,R23182505,Dumbraveni,2,2026.07,Operatori mici
PREMIER SLICKLINE SA,R37330237,Campina,2,2026.07,Operatori mici
WOOD N IOANA SRL,R30562256,Baia Mare,2,2026.07,Operatori mici
EVEMAR GLOBAL TRANSPORT SRL,R37449034,Bacu,2,2026.07,Operatori mici
HERMANOS TIBICHI TRANS,R42415720,popeni,2,2026.07,Operatori mici
BYABABY TRANS,R39434560,Barlad,2,2026.07,Operatori mici
SANABIA TRANSPORT SRL,R45305021,SAT ISTRIA,3,2026.07,Operatori mici
RTR ALESS-MICHELLE TRANS SRL,R35381358,Tincova,3,2026.07,Operatori mici
FLORYMUGUR-TRANS SRL,R26336145,Balinesti,3,2026.07,Operatori mici
CORNEX,R9738193,Arad,3,2026.07,Operatori mici
MERTOL MB TRANSPORT SRL,R43150281,Pitesti,3,2026.07,Operatori mici
C I A ABOLIV SRL,R2872537,Mihai Viteazu,3,2026.07,Operatori mici
VIOMAV TRANSPORT SRL,R40093777,Tomsani,3,2026.07,Operatori mici
WICK TRANS,R18670763,Dumbravita,3,2026.07,Operatori mici
BAION COMIMPEX,R9242628,Suceava,3,2026.07,Operatori mici
TRANS MARIA VLAD S.R.L.,R32842600,Falticeni,3,2026.07,Operatori mici
JC GAZ TRANSPORT SRL,R34066336,Oradea,4,2026.07,Operatori mici
BECHIAN ION CATALIN P.F.A.,R34173065,Radauti,4,2026.07,Operatori mici
ITLOG SRL,R36705460,Ramnicu Valcea,4,2026.07,Operatori mici
TRANS GIGANT LOGISTICS SRL,R32968952,Lumina,4,2026.07,Operatori mici
ALVEROSAL SRL,R24460057,Salonta,4,2026.07,Operatori mici
SACAR TRANSPORT ST SRL,R44007752,Lipova,4,2026.07,Operatori mici
ALPA CONDOR TRANS SRL,R33985722,Sant,4,2026.07,Operatori mici
SC PALTRANS 89 ARL,R39616902,Starchiojd,4,2026.07,Operatori mici
EMA SERV S. R. L.,R9794150,Raducaneni,4,2026.07,Operatori mici
FARM ECO LAMB SRL,R41746009,Vladimirescu,4,2026.07,Operatori mici
OAN TRANS MARY IRY SRL,R20689547,Bradu,4,2026.07,Operatori mici
TRANSLAURA EXPRES SRL,R18002438,Girisu de Cris,4,2026.07,Operatori mici
BRUTUS IMPEX,R6348390,Manesti,4,2026.07,Operatori mici
SC.ANTOMAR SOLUTIONS.S.R.L,R26964956,Ploiesti,4,2026.07,Operatori mici
NAR TRANSPORT INTERN&INTERNATIONAL SRL,R40178180,Jilava,4,2026.07,Operatori mici
NANU 45 CARGO SRL,R42299359,IEPURESTI,4,2026.07,Operatori mici
GOKDEMIR LOGISTIC SRL,R45453613,Ganeasa,5,2026.07,Operatori mici
DENDAR SPEDITION & LOGISTIC S.R.L.,R44971595,Arad,5,2026.07,Operatori mici
GARANT-NORD TRANS SRL,R40698361,Gorban,5,2026.07,Operatori mici
LUCSEL TOTAL TRANS SRL,R43509963,Harsova,5,2026.07,Operatori mici
BLACK & WHITE TRAVEL SRL,R18390437,Ovidiu,6,2026.07,Operatori mici
TEOFIL TRANSPORT SRL,R34811678,Oradea,6,2026.07,Operatori mici
GEMA HELEN NET SRL,R42576921,Carei,7,2026.07,Operatori mici
PAA  WIND SOLUTION SRL,R40084701,POPESTI-LEORDENI,8,2026.07,Operatori mici
ONEPOINT TOPSPEDITION SRL,R38263942,Pitesti,9,2026.07,Operatori mici
RIADE TRANS DEAC SRL,R6792830,Baia Mare,9,2026.07,Operatori mici
AKO CECIC,R17435697,Vladimirescu,11,2026.07,Operatori medii 1
BRUGIONI ROMTIR SRL,R5981148,Bors,12,2026.07,Operatori medii 1
ELVADA COMPANY,R19118440,Constanta,3,2026.07,Operatori mici
DIGI GROUP S.R.L.,R17740470,Drobeta Turnu Severin,3,2026.07,Operatori mici
IULIAN SPEDITION SRL,R29999746,Iasi,3,2026.07,Operatori mici
CSILLAG,R4972117,Lunca de Jos,3,2026.07,Operatori mici
DANINA BIO AGRAR SRL,R33541088,Turt,3,2026.07,Operatori mici
TRANSINET SRL,R24488325,Pielesti,3,2026.07,Operatori mici
VASYCOST SRL,R10470743,Vaslui,3,2026.07,Operatori mici
TRANS CINDRELUL SRL,R14632058,Sebes,3,2026.07,Operatori mici
VIOGEO TRANS SRL,R33257591,Corni Albesti,3,2026.07,Operatori mici
TACHITRAK TRANS SRL,R26938582,Zalau,3,2026.07,Operatori mici
CATA FLORIN SRL,R31761176,Carei,3,2026.07,Operatori mici
STEDATRANS SRL,R4604069,Darmanesti,3,2026.07,Operatori mici
BLUE TRANSPORT CONCEPT SRL,R38161829,Oradea,3,2026.07,Operatori mici
GICPOP TRANS SRL,R24511428,Suceava,3,2026.07,Operatori mici
BALBO TRANS SRL,R18111133,Lugoj,3,2026.07,Operatori mici
CEMIROVENT,R7425998,Timisoara,3,2026.07,Operatori mici
RAZVAN TRANS MRM SRL,R24694767,TARGUSOR,3,2026.07,Operatori mici
DELICONPRODIMPEX,R9288196,Falticeni,4,2026.07,Operatori mici
DORUFLOR SRL,R23246730,Otesani,4,2026.07,Operatori mici
DRAG SPEDITION SRL,R21871155,Eforie Sud,4,2026.07,Operatori mici
AGRIPROD PLATINUM SRL,R28663704,Suseni,4,2026.07,Operatori mici
DOREL TRANS SRL,R7779650,Mihailesti,4,2026.07,Operatori mici
FOODWISH DELIVERY SRL,R34094743,Afumati,4,2026.07,Operatori mici
DANICO TRANSPORTER SRL,R40830151,Ploiesti,4,2026.07,Operatori mici
AMR BEST CONSULTING S.R.L.,R23385470,Gradistea,4,2026.07,Operatori mici
VMR TRANSMAR SPEDITION SRL,R43658000,Constanta,5,2026.07,Operatori mici
PROTRANS BUSSINES,R32626011,Iasi,5,2026.07,Operatori mici
LAMBERPROD SRL,R24998340,Radauti,5,2026.07,Operatori mici
CRASMICOS GAS SRL,R33700752,Crasna,6,2026.07,Operatori mici
CICOM SRL,R3235656,Targoviste,6,2026.07,Operatori mici
KAMITRANS,R16808437,Milisauti,7,2026.07,Operatori mici
TOTAL SPA SRL,R15908101,Satu Mare,7,2026.07,Operatori mici
WORLD BANKERS SRL,R38786003,VLADENI,7,2026.07,Operatori mici
DARY COMAGRO SRL,R22282832,Manesti,8,2026.07,Operatori mici
ADCOM INTERNATIONAL SR,R6865850,Pitesti,8,2026.07,Operatori mici
LOGAVRAM SRL,R19119607,Izbuc,12,2026.07,Operatori medii 1
EURONIL TRANSPORT,R35413344,Galati,4,2026.07,Operatori mici
LITROX SRL,R6832560,Sintimbru,4,2026.07,Operatori mici
UNGUREANU LEMNCOM SRL,R3406276,Dorna Arini,4,2026.07,Operatori mici
DEACONESCU OVIDIU TRANSPORT SOCIETATE CU RASPUNDERE LIMITATA,R29869312,Copaceni,5,2026.07,Operatori mici
PROFESIONAL VLS SRL,R32548240,Targu Lapus,6,2026.07,Operatori mici
DUAL DISTRICON SRL,R16174739,Sibiu,6,2026.07,Operatori mici
YULIDEY SPEDITION SRL,R36923945,Suceava,6,2026.07,Operatori mici
DIGETI TRANSCOM SRL,R16902484,Oravita,6,2026.07,Operatori mici
ENDRESS GROUP ROMANIA SRL,R14762538,Resita,7,2026.07,Operatori mici
BKT FOREST SRL,R13626732,Cavnic,7,2026.07,Operatori mici
LARRYKOL SPEDITION SRL,R31270381,Boldesti Scaeni,9,2026.07,Operatori mici
ALGEDO TRANS SRL,R16858427,PICIOR DE MUNTE,10,2026.07,Operatori medii 1
ORAMAR COM SRL,R4538437,Oradea,11,2026.07,Operatori medii 1
SC.ALCAROM.SRL,R16654869,Frasin,5,2026.07,Operatori mici
FORESTAR SA,R5603959,Tarcau,5,2026.07,Operatori mici
EXPO SIMITRANS SRL,R30577222,Moisei,5,2026.07,Operatori mici
PINU IMPORT EXPORT SRL,R5098342,Cristian,5,2026.07,Operatori mici
VIOTAL INTER SRL,R30774259,"PAREPA-RUSANI,COLCEAG",5,2026.07,Operatori mici
FINU TRANS SRL,R21407261,Mihai Viteazu,7,2026.07,Operatori mici
OVIDAS TRANS SRL,R15299319,Milisauti,7,2026.07,Operatori mici
GAMAR CONSTRUCT SRL,R19201382,Suceava,8,2026.07,Operatori mici
VALIMAR SRL,R3502125,Ciolt,8,2026.07,Operatori mici
ERGHANDI TRANS SRL,R11118533,Novaci,8,2026.07,Operatori mici
JANDAN TRANS S.R.L,R24871699,Targu Mures,9,2026.07,Operatori mici
ANDRONIC TRANSPORT COMPANY SRL,R35832806,Iasi,9,2026.07,Operatori mici
LA OLI SRL,R13831028,Ciolpani,6,2026.07,Operatori mici
FIVE HOLDING S.A.,R10562600,Constanta,6,2026.07,Operatori mici
LUCAROM IMPEX SRL,R6799137,Cluj Napoca,6,2026.07,Operatori mici
BOGDAN RAZVAN SRL,R3287213,Timisoara,6,2026.07,Operatori mici
SORI-LAV CIP SRL,R35374067,Veresti,6,2026.07,Operatori mici
TRANS-CONSTRUCT SRL,R12022070,Birlad,7,2026.07,Operatori mici
SENTOSA IMPEX SRL,R13219631,Hida,8,2026.07,Operatori mici
LEVIS COM SRL,R8735954,Sarmasag,8,2026.07,Operatori mici
TRANSKOV SERV SRL,R13941926,Cluj Napoca,8,2026.07,Operatori mici
DANIELE TRADING COM,R7974503,Pitesti,8,2026.07,Operatori mici
MOLNOS TRANSPORT,R24791000,Corund,11,2026.07,Operatori medii 1
FLOREA-ZANFIR TRANS SRL,R37436662,Corbii Mari,7,2026.07,Operatori mici
DACPETROL,R8070680,Husi,7,2026.07,Operatori mici
MORFI DEAL FOODS SRL,R33120550,Timisoara,8,2026.07,Operatori mici
SERGIU CONS SRL,R18488827,Rosiori,8,2026.07,Operatori mici
TRANSPORT CSATA LEVENTE SRL,R14002044,Gheorgheni,9,2026.07,Operatori mici
PACKAGE LONDON UK SRL,R28658830,Suceava,10,2026.07,Operatori medii 1
RAIL CONTAINER,R29118536,Ploiesti,11,2026.07,Operatori medii 1
FAD22 SRL,R12614330,NEGRESTI-OAS,11,2026.07,Operatori medii 1
BIRTOIU COMPANY,R7086557,Suceava,8,2026.07,Operatori mici
AUTO STAN TEAM,R9652199,Simeria,8,2026.07,Operatori mici
TRANS PETRICA,R4842214,Vama,9,2026.07,Operatori mici
D&N AKI DUMI  TRANS SRL,R27929183,Oravita,11,2026.07,Operatori medii 1
KVARC SRL,R8176593,Cristuru Secuiesc,12,2026.07,Operatori medii 1
BO&RA TRANS SRL,R20202314,Tautii Magheraus,12,2026.07,Operatori medii 1
SUINPROD SA,R2056725,Roman,12,2026.07,Operatori medii 1
IANYS PRODCOM SRL,R8486837,Campulung Moldovenesc,12,2026.07,Operatori medii 1
ELTA TRANSPORT & LOGISTIC S.R.L,R43172212,Bucuresti,2,2026.07,Operatori mici
ROVI TRANS EXPRESS SRL,R20999181,Bucuresti,2,2026.07,Operatori mici
ALDIMADA TRUCKS SRL,R46789787,Bucuresti,2,2026.07,Operatori mici
AGRO BIO BRICHET SRL,R31423108,Bucuresti,2,2026.07,Operatori mici
MARZOUGA TRANSPORT SRL,R40389536,Bucuresti,2,2026.07,Operatori mici
APODIS TRANS SRL,R13690654,Bucuresti,2,2026.07,Operatori mici
ETSA DOI SRL,R20868267,Bucuresti,2,2026.07,Operatori mici
SINCO TRANSPORT SRL,R341687,Bucuresti,2,2026.07,Operatori mici
ROBO-TRANS,R6630196,Suceava,2,2026.07,Operatori mici
VIZITEUCRISTIAN TRANS S.R.L.,R29820440,Suceava,2,2026.07,Operatori mici
ODESEV COMPANY S.R.L.,R23108290,Brezoi,2,2026.07,Operatori mici
GROUP AJ SERVICE SRL,R30050434,Oradea,2,2026.07,Operatori mici
STARFRUCT LOGISTIC SRL,R44566940,Oradea,2,2026.07,Operatori mici
MARELVI IMPEX,R7282405,Radauti,2,2026.07,Operatori mici
ZIA TRANSPORT SRL,R43514242,Plopeni,2,2026.07,Operatori mici
FULL TRANS SOLUTIONS SRL,R48927924,Stefanesti,2,2026.07,Operatori mici
MADA TRANS GLOBAL SRL,R29878299,Ogrezeni,2,2026.07,Operatori mici
EVIDANTRANS SRL,R35893684,Miroslava,2,2026.07,Operatori mici
GURPA LOGISTICS SRL,R50231885,Navodari,2,2026.07,Operatori mici
ASV MEC PREMIUM S R L,R45987212,Turda,2,2026.07,Operatori mici
ECOMAT TRANZIT 24 SRL,R51073210,Podu Turcului,2,2026.07,Operatori mici
SC CODRA TRANS SRL,R19164616,Ungheni,2,2026.07,Operatori mici
VALIANNA SPEED SRL,R47612561,Vladeni,2,2026.07,Operatori mici
DINU COMPANY SRL,R44496071,Turnu Magurele,2,2026.07,Operatori mici
AMVI TRANS SRL,R4804156,Eforie Sud,2,2026.07,Operatori mici
UDI LEADER TRANSPORT SRL,R46440972,Sacele,2,2026.07,Operatori mici
LAROSERA SRL,R42131141,Brezoi,2,2026.07,Operatori mici
AUTO KISS 2000 SRL,R8902190,Gheorgheni,2,2026.07,Operatori mici
KRYSMILY AND STAR SRL,R36343948,Targoviste,2,2026.07,Operatori mici
GALIANDA-FAM SRL,R33607395,Iasi,2,2026.07,Operatori mici
DIA TRUCKS SRL,R30347479,Iasi,2,2026.07,Operatori mici
A & M LOGISTICS SRL,R38393705,Jilava,2,2026.07,Operatori mici
GURKAN GROUP INTERNATIONAL TRANSPORT SRL,R46265120,Jilava,2,2026.07,Operatori mici
KURT TRANSPORT SOLUTIONS S.R.L,R46829458,Bragadiru,2,2026.07,Operatori mici
STEFAROS TOTAL SRL,R16147696,Bragadiru,2,2026.07,Operatori mici
ERIK PREMIUM TRANSPORT SRL,R47933529,Berceni,2,2026.07,Operatori mici
ADIN LOGISTICS SRL,R48854318,Bragadiru,2,2026.07,Operatori mici
ATON TRANS SRL,R13319487,Miercurea Ciuc,2,2026.07,Operatori mici
VIV PARTNERS SRL,R44156177,Afumati,2,2026.07,Operatori mici
LIDER EUROSPEED SRL,R45744272,Ploiesti,2,2026.07,Operatori mici
EVE LOGITRANS SRL,R41275777,Maneciu,2,2026.07,Operatori mici
GEODYL SPEED TRANS SRL,R40072308,Blejoi,2,2026.07,Operatori mici
CARGO PRIME TRANS S.R.L.,R48689636,Iasi,2,2026.07,Operatori mici
AE TRANS LOGISTIC SRL,R47420671,Iasi,2,2026.07,Operatori mici
TRANSSERV AGRO,R21556743,Iasi,2,2026.07,Operatori mici
VASY TOUR SRL,R8845809,Drobeta Turnu Severin,2,2026.07,Operatori mici
MAXINTERTRANS SRL,R50697584,Iasi,2,2026.07,Operatori mici
THIAGO MATTHYMAS SRL,R49413913,Constanta,2,2026.07,Operatori mici
GIM TRUCK SRL,R22721130,Constanta,2,2026.07,Operatori mici
VERALEX TRANS SPED S.R.L.,R31436140,Ramnicu Sarat,2,2026.07,Operatori mici
IZS SAF TRANS SRL,R43599320,Cernat,2,2026.07,Operatori mici
KANDEN PROD SRL,R6933394,Sfantu Gheorghe,2,2026.07,Operatori mici
MINEA SAOMA TRANS,R44233490,Matasaru,2,2026.07,Operatori mici
AVADOM ROUTE,R47109307,Gaesti,2,2026.07,Operatori mici
STANCU MARIUS DANUT,R48996495,Selaru,2,2026.07,Operatori mici
ISOPLUS SPECIAL SRL,R14122202,Fagaras,2,2026.07,Operatori mici
BRAVA CRIS SRL,R15471758,Buzau,2,2026.07,Operatori mici
GEOTRANS SRL,R2991570,Buzau,2,2026.07,Operatori mici
SC CCL CARGO TRANS SRL,R51921387,Brasov,2,2026.07,Operatori mici
MIBATRANS SRL,R33678205,Braila,2,2026.07,Operatori mici
LA MARITEC SRL,R23480757,Braila,2,2026.07,Operatori mici
ALEX TOP LOGISTIC SRL,R34919786,Pitesti,2,2026.07,Operatori mici
SPACE AUTOTRANS,R17678416,Arad,2,2026.07,Operatori mici
CHENESCU BUSINESS TRANS SRL,R46705395,Alexandria,2,2026.07,Operatori mici
NEVRA LOJISTIK SRL,R40264877,Alesd,2,2026.07,Operatori mici
GMIHAISPEED SRL,R50814730,Boteni,2,2026.07,Operatori mici
ESSEN GENERAL LOGISTIK SRL,R32264370,Mioveni,2,2026.07,Operatori mici
AMG COMPANY TRANS SRL,R51286595,BULBUCATA,2,2026.07,Operatori mici
BAMMATHIAS TRANSPORT,R46705409,ALE,2,2026.07,Operatori mici
SERGON EXPEDITION SRL,R35155563,sat.Scoposeni,2,2026.07,Operatori mici
COSMOLIV SUPER TRANS SRL,R41696768,RASCAETI,2,2026.07,Operatori mici
CRT SPEDITION SRL,R46995418,SAT VISINA,2,2026.07,Operatori mici
COLION LIDER SRL,R45630081,SAT POIANA,2,2026.07,Operatori mici
NORD LINES LOGISTICS SRL,R35748188,POPESTI-LEORDENI,2,2026.07,Operatori mici
ALMOND SWEET SRL,R43792176,Ganeasa,2,2026.07,Operatori mici
ETA LOGISTICS SRL,R45552668,Ganeasa,2,2026.07,Operatori mici
MURGU TOP TRANS,R38657114,Titesti,2,2026.07,Operatori mici
IONITUR ARITRANS SRL,R33219571,Strejestii de Sus,2,2026.07,Operatori mici
MATEI SUPORT TRANS SRL,R26048320,"Bucuresti,sector 1",2,2026.07,Operatori mici
GABY TRANS SYSTEMS SRL,R23666203,"BUCURESTI , SECTOR 5",2,2026.07,Operatori mici
DRAGAN CONCEPT SRL,R29186336,"BUCURETI, SECTOR 4",2,2026.07,Operatori mici
DOLBY LOGISTIC SRL,R50891350,"Bucuresti, sector 2",2,2026.07,Operatori mici
RICO JOE LOGISTIC S.R.L,R32289668,Prahova,2,2026.07,Operatori mici
GERUX SPEED S.R.L.,R29063309,Com. CUCA,2,2026.07,Operatori mici
NIVAN S.R.L.,R24399376,Vascauti,2,2026.07,Operatori mici
FERHAT CARGO TRANS,R44536770,"Bucuresti, sector 2",2,2026.07,Operatori mici
IVAN TRANS AGRO SRL,R17378192,Moldoveni,2,2026.07,Operatori mici
SUVCOM SRL,R38309705,Dranceni,2,2026.07,Operatori mici
HERMANOS M&S SRL,R23959580,Floresti,11,2026.07,Operatori medii 1
ELECTROCAB CONECTION SRL,R18111826,Vedea,11,2026.07,Operatori medii 1
ALX TRANSPORT LOGISTIC ARG,R32072552,Pitesti,12,2026.07,Operatori medii 1
TREULOG INTERNATIONAL TRANSPORT SRL,R45370429,"Bucuresti, sector 2",12,2026.07,Operatori medii 1
DOTAFU TRANSPORT SRL,R46742253,"Bucuresti, sector 2",3,2026.07,Operatori mici
APICON MARKET SRL,R18620030,"Bucuresti, sector 2",3,2026.07,Operatori mici
THEO PERSONAL SRL,R15232246,"BUCURESTI, SECTOR 6",3,2026.07,Operatori mici
TRIUMF CONSTRUCT SA,R14167239,Bucure?ti,3,2026.07,Operatori mici
CHIRIAC CARGO TRANS S.R.L.,R32027152,Scoposeni,3,2026.07,Operatori mici
TECNO STYLE SPORT SRL,R16556577,RM.VALCEA,3,2026.07,Operatori mici
BARIATRIC SRL,R36418110,Sambata de Sus,3,2026.07,Operatori mici
RO-MD TRANS-CARGO SRL,R37354155,Tirgu Ocna,3,2026.07,Operatori mici
TTTRAID SRL,R52690779,SAT PAUN,3,2026.07,Operatori mici
MEMORI LOGISTICS S.R.L.,R47016100,SAT SCOPOSENI,3,2026.07,Operatori mici
GRAMA SPEDITION S.R.L,R48024853,DOBROTE?TI,3,2026.07,Operatori mici
TRANSRIZEA LOGISTICS SRL,R40460075,BUCURESTI SECTORUL 6,3,2026.07,Operatori mici
NAE GENERATION CONCEPT SRL,R26888220,Pitesti,3,2026.07,Operatori mici
HELLAS SRL,R8149440,Alba Iulia,3,2026.07,Operatori mici
GDY SISTEM ACTI SRL,R39952600,Cobadin,3,2026.07,Operatori mici
AEG PROFESIONAL TRANS SRL,R49012792,Petresti,3,2026.07,Operatori mici
DRIO ANION TRANS,R37444800,Mogosani,3,2026.07,Operatori mici
MALLINGCSU SRL,R18959096,Sfantu Gheorghe,3,2026.07,Operatori mici
MUNTEANU CARGO XPRESS SRL,R43870487,Finta,3,2026.07,Operatori mici
ZBELDIE UNIC SRL,R43278427,Gaesti,3,2026.07,Operatori mici
FRIGO TRANS CORP S.R.L,R39759589,Brasov,3,2026.07,Operatori mici
MARTINA SPEDITION SRL,R31615715,Brasov,3,2026.07,Operatori mici
AGROMONTAN SRL,R19671210,Bratca,3,2026.07,Operatori mici
MATINATRANS SRL,R22290460,Ghimbav,3,2026.07,Operatori mici
NESTOR TRANSPORTE SRL,R48695662,Iasi,3,2026.07,Operatori mici
TIRNOBILTRANS SRL,R42559734,Iasi,3,2026.07,Operatori mici
EVACOMTRANS SRL,R39480117,Iasi,3,2026.07,Operatori mici
BTI BRAMIUS SRL,R38258300,Iasi,3,2026.07,Operatori mici
HEAVY BOSS TRANSPORTS S.R.L.,R42028724,Sangeorgiu de Mures,3,2026.07,Operatori mici
BOTARU TRANS SRL,R24814677,Maneciu,3,2026.07,Operatori mici
FLORIAN SPEDITION SRL,R31353894,Boldesti Scaeni,3,2026.07,Operatori mici
MULTIM TRANS SRL,R15730372,Miercurea Ciuc,3,2026.07,Operatori mici
IRFAN KAYA SRL,R42432276,Dobroiesti,3,2026.07,Operatori mici
TIGER SRL,R2298915,Craiova,3,2026.07,Operatori mici
BALCANIC EXPRESS TRANS SRL,R43864949,Giurgiu,3,2026.07,Operatori mici
YORDAN WEST LOGISTIC SRL,R44383951,Valenii de Munte,3,2026.07,Operatori mici
ROSER TRANS SPEDITION SRL,R33627910,Tomesti,3,2026.07,Operatori mici
ALEX & NICO TRANS TOP SRL,R29260262,Topoloveni,3,2026.07,Operatori mici
FABYANNIS SRL,R24871559,Cervenia,3,2026.07,Operatori mici
DZYL INTERNATIONALE TRANSPORT SRL,R48252878,Ramnicu Valcea,3,2026.07,Operatori mici
TRANSPATRICIA SRL,R35234713,Vaslui,3,2026.07,Operatori mici
VML-VAR TRUCKS TRANS SRL,R46571145,Vaslui,3,2026.07,Operatori mici
ALDOR TRANSPORT SRL,R17618759,Cumpana,3,2026.07,Operatori mici
IANIS INTERTRANSPORT SRL,R46647081,Jebel,3,2026.07,Operatori mici
ADBE RO TRANSPORT SRL,R40365073,Saliste,3,2026.07,Operatori mici
UYAR GLOBAL SPEDITION,R45404823,Bucuresti,3,2026.07,Operatori mici
TOP GRAND NET SRL,R34223732,Bucuresti,3,2026.07,Operatori mici
SONI GRUP INTEGRATED S.R.L.,R27721890,Bucuresti,3,2026.07,Operatori mici
DENIS SPEDITION S.R.L.,R19115141,Bucuresti,3,2026.07,Operatori mici
AVE TRANS EXPRESS SRL,R50888240,Bucuresti,3,2026.07,Operatori mici
DANY VYC TRANS ACTIV 169 SRL,R29355621,Bucuresti,4,2026.07,Operatori mici
YILMAZ DIKER TRANS 14 SRL,R48191240,Bucuresti,4,2026.07,Operatori mici
GZT EMI TRANS SRL,R49270872,Bucuresti,4,2026.07,Operatori mici
TRANS-INTERNATIONAL SPED N.C.A. SRL,R12631170,Bucuresti,4,2026.07,Operatori mici
LAUFER TRANSPORT SRL,R13408819,Bucuresti,4,2026.07,Operatori mici
LOGICARS EUROPE SRL,R48015707,Jebel,4,2026.07,Operatori mici
EURO PETROL SRL,R9328304,Targu Secuiesc,4,2026.07,Operatori mici
VEB SOLUTION SRL,R48168573,Vaslui,4,2026.07,Operatori mici
VECTOR LOGISTIC SRL,R28164542,Tarlungeni,4,2026.07,Operatori mici
GAVRINUN TRANS SRL,R41122790,Dranceni,4,2026.07,Operatori mici
ANIA TRANSPORT EMS S.R.L.,R37164150,Galati,4,2026.07,Operatori mici
BESTNITA TRANS S.R.L.,R32122405,Horia,4,2026.07,Operatori mici
TRANSBURGCM SRL,R45150792,Iasi,4,2026.07,Operatori mici
DESIRE TRANSPORTI GROUP SRL,R51446815,Iasi,4,2026.07,Operatori mici
SPEC TRANS SRL,R44010359,Iasi,4,2026.07,Operatori mici
X-TRANS,R18893242,Brasov,4,2026.07,Operatori mici
KARGO TRANS S.R.L.,R4879930,Constanta,4,2026.07,Operatori mici
MIHNEA CRIS TRANS 2007 S.R.L.,R21518480,Campulung,4,2026.07,Operatori mici
POSTALYON SERV TRANS SRL,R18888190,Campulung,4,2026.07,Operatori mici
BALASA G MIHAIL INTREPRINDERE INDIVIDUALA,R26043676,Pitesti,4,2026.07,Operatori mici
PRESOW PFG LOGISTIC,R42469631,COTOFENESTI,4,2026.07,Operatori mici
TITONE SRL,R19066030,SAT AURESTI,4,2026.07,Operatori mici
TOTAL CONSTRUCT BMB,R37338907,"bucuresti,sector 4",4,2026.07,Operatori mici
PESCARUSUL ALB SRL,R11077999,BARZESTI,5,2026.07,Operatori mici
MICRO NANO TECH SRL,R34332560,"Bucuresti, Sector 4",5,2026.07,Operatori mici
SERMON LKW SRL,R31078557,Tg-Mures,5,2026.07,Operatori mici
NEW DESIGN COMPOSITE SRL,R14564786,Pitesti,5,2026.07,Operatori mici
MAR TRANSGROUP S.R.L.,R41840293,Pitesti,5,2026.07,Operatori mici
COMTRANS CORLAN SRL,R1605124,Breznita Ocol,5,2026.07,Operatori mici
NIKI FRIGOMIX TRANSPORT SRL,R46561230,Iasi,5,2026.07,Operatori mici
SC INDIVERS MON PREST SRL,R42862680,Baia de Fier,5,2026.07,Operatori mici
TANASOV GROUP,R35296910,Iasi,5,2026.07,Operatori mici
AXIG TOP PROMPT TRANSPORT SRL,R40764988,Valu Lui Traian,5,2026.07,Operatori mici
ESM AUTO EXPRESS LOGISTIK,R27637499,Tomesti,5,2026.07,Operatori mici
OGLEZIS TRANS SRL,R12927397,Valenii de Munte,5,2026.07,Operatori mici
TIMEWAY TRANS SRL,R41643917,Tomesti,5,2026.07,Operatori mici
ENS BEAUTY INTERNATIONAL,R46128092,Navodari,5,2026.07,Operatori mici
EXPRESS TRUCK SERGHE SRL,R47151905,Vaslui,5,2026.07,Operatori mici
CARGOROM TRANS SPEED SRL,R45973454,Rosiori de Vede,5,2026.07,Operatori mici
FRIGO TRUCK EXPRESS,R46428367,Onesti,5,2026.07,Operatori mici
APODIS LOGISTIC,R16679421,Bucuresti,5,2026.07,Operatori mici
LOWEL ALISE TRANSPORT SRL,R46881936,Bucuresti,5,2026.07,Operatori mici
BEDIROGLU TRANS SRL,R43022380,Bucuresti,5,2026.07,Operatori mici
MTT CARGO TRANS SRL,R43133280,Dornesti,6,2026.07,Operatori mici
VET METAL SPEDITION SRL,R28428660,Bucuresti,6,2026.07,Operatori mici
TUL-CRIS TRANSPORT,R30465270,Vaslui,6,2026.07,Operatori mici
COOLLOG SRL,R37138488,Miroslava,6,2026.07,Operatori mici
ZOR TRANS LOGISTIC SRL,R42696456,Zorleni,6,2026.07,Operatori mici
LORRY IP DELIVERS SRL,R36748267,Iasi,6,2026.07,Operatori mici
BULAT EUROTRANS SRL,R40705710,Iasi,6,2026.07,Operatori mici
AKF FRIGO LOGISTIC SRL,R22260559,Cateasca,6,2026.07,Operatori mici
MYA SUN  EXPRESS TRANS SRL,R30764786,Albota,6,2026.07,Operatori mici
DALCODINECOM SRL,R7974490,Pitesti,6,2026.07,Operatori mici
ALDER LOGISTIK SRL,R49828384,Arad,6,2026.07,Operatori mici
TRACO GOP SRL,R28129456,Fundata,6,2026.07,Operatori mici
STICI TRANS SRL,R41580541,"sat. Cogeasca , com. Letcani",7,2026.07,Operatori mici
LLUDVOK TRANS SRL,R33078170,Bucuresti - Sectorul 3,7,2026.07,Operatori mici
TRANS RODI SERVICE SRL,R14381878,Pite?ti,7,2026.07,Operatori mici
TIR SUN TRANS SRL,R29115904,Ceua?u de Câmpie,7,2026.07,Operatori mici
ALBIMAR AUTO SPEDITION SRL,R35118522,Pitesti,7,2026.07,Operatori mici
SELECT TFS-IBRAHIM SRL,R42962558,Arad,7,2026.07,Operatori mici
BIG BOSS TEAM SRL,R43370643,Iasi,7,2026.07,Operatori mici
DENIDO FIODOR SRL,R46383974,Iasi,7,2026.07,Operatori mici
MAN TRANSPORT SRL,R44706440,Platonesti,7,2026.07,Operatori mici
ALETEO TRANS,R18676634,Saulia de Campie,7,2026.07,Operatori mici
COSAND DISTRIBUTION SRL,R25467819,Stefesti,7,2026.07,Operatori mici
VITAN TRANS SRL,R47091765,Muntenii de Sus,7,2026.07,Operatori mici
TROIA LOGISTIC SRL,R26083832,Bucuresti,7,2026.07,Operatori mici
AGROMERCE GRAIN SRL,R43362772,Bucuresti,7,2026.07,Operatori mici
ABM BUCHAREST SRL,R47218967,Bucuresti,7,2026.07,Operatori mici
SABU TAY TRANSPORT,R46320402,Sibiu,7,2026.07,Operatori mici
SNK SPEEDLINE SRL,R35268600,Dumbravita,7,2026.07,Operatori mici
CONECT MED SRL,R16699720,Ramnicu Valcea,8,2026.07,Operatori mici
IMPERIAL PG,R12470162,Petrosani,8,2026.07,Operatori mici
TRANSLAVI EXPRES SRL,R32646639,Tileagd,8,2026.07,Operatori mici
FLL TOTAL SPEDITION SRL,R25172125,Bascov,8,2026.07,Operatori mici
ELI TRANS PARTENER,R32559133,Bascov,9,2026.07,Operatori mici
DAILY TRANS SRL,R21994450,Sfantu Gheorghe,9,2026.07,Operatori mici
CHISPED TRASPORTI RO,R1106728,Brasov,9,2026.07,Operatori mici
STIM-EXPRES SRL,R23316593,Iasi,9,2026.07,Operatori mici
EZI TRUCK,R47458757,Tileagd,9,2026.07,Operatori mici
IACONI TRANSPORT SRL,R3474963,Bucuresti,9,2026.07,Operatori mici
FRALINA TRANS,R29447989,Negostina,9,2026.07,Operatori mici
BIRMAKSAN TRANSPORT SRL,R47918944,Milcoiu,10,2026.07,Operatori medii 1
MAX SRL,R14495350,Draganesti Vlasca,10,2026.07,Operatori medii 1
TRANS CAT SRL,R16522540,Brasov,11,2026.07,Operatori medii 1
SIMROD FUMEX SRL,R4243436,Novaci,12,2026.07,Operatori medii 1
MONELCAN TRANS SRL,R29577571,Novaci,2,2026.07,Operatori mici
SAME SPEED SRL,R30679745,Deva,2,2026.07,Operatori mici
ASTERCON DAC SRL,R35893595,Iasi,2,2026.07,Operatori mici
TOMA BEST AUTO TRANS SRL,R45200955,Iasi,2,2026.07,Operatori mici
LIMPEZA COM SRL,R8405441,Baia Mare,2,2026.07,Operatori mici
MIREXI TRANS SRL,R14990277,Magurele,2,2026.07,Operatori mici
TRANS VIDEO SRL,R14255004,Buzau,2,2026.07,Operatori mici
MONDO TRANS COMPANY SRL,R5553192,Brasov,2,2026.07,Operatori mici
GHEO TIR TRANS SRL,R42803277,Braila,2,2026.07,Operatori mici
GOKTURK SRL,R28067701,Nucet,2,2026.07,Operatori mici
MOGA STAR SRL,R5781271,Constanta,2,2026.07,Operatori mici
TUDOR CRISCOS SPEDITION,R15144721,Pitesti,2,2026.07,Operatori mici
LUC CARGO SPEDITION SRL,R30501208,Cosesti,2,2026.07,Operatori mici
ANDOCSIM TOP TRANS SRL,R36208747,Mioveni,2,2026.07,Operatori mici
ORYANUR SRL,R51653802,Pitesti,2,2026.07,Operatori mici
TITIANA RODSIM SRL,R27985884,Sacel,2,2026.07,Operatori mici
STAR JUNIOR LOGISTIC SRL,R42044673,Priboieni,2,2026.07,Operatori mici
ADI & RAULA  ROUTE SRL,R36933116,Vadu Pasii,2,2026.07,Operatori mici
STC ERIK AUTO SRL,R41803902,Ovidiu,2,2026.07,Operatori mici
VERONA COMPROD SRL,R1646175,Tecuci,2,2026.07,Operatori mici
MOLDO LEMONIA SRL,R18918436,Lespezi,2,2026.07,Operatori mici
BIF TRANS&TRADE SRL,R14860650,Bucuresti,2,2026.07,Operatori mici
BESIR LOGISTIC SRL,R51542006,Bucuresti,2,2026.07,Operatori mici
SAQAL LOGISTICS SRL,R30588850,Bucuresti,2,2026.07,Operatori mici
KRAFT AMERICAN EXIM SRL,R7222144,Bucuresti,2,2026.07,Operatori mici
VICTORIA TRANSPORT SOLUTIONS SRL,R34153866,Scheia,2,2026.07,Operatori mici
IULIU SOF SRL,R27667813,Ipotesti,2,2026.07,Operatori mici
ABYTRANS2021,R44263840,Cristesti,2,2026.07,Operatori mici
OZ MANTAS TRANS SRL,R38053010,sector 3,2,2026.07,Operatori mici
TUDORTRANS SRL,R49236943,Constan?a,2,2026.07,Operatori mici
MV FOTEA TRANS SRL,R28380031,Ovidiu,2,2026.07,Operatori mici
CATA DOG TRANS SRL,R38417960,FINTA MARE,2,2026.07,Operatori mici
ALEX-BUCOVINA SRL,R24506006,ORAS SIRET,2,2026.07,Operatori mici
ERNED GLOBAL LOGISTIK SRL,R44880683,"Bucuresti, sector 3",2,2026.07,Operatori mici
GENC TRANSPORT INTERNATIONAL,R44660530,BUCURESTI SECTORUL 3,2,2026.07,Operatori mici
CRUDU TRANS SRL.,R31136755,Rachita,2,2026.07,Operatori mici
ROBERT ESCAPE INTERCONECT SRL,R43021155,Valea Nandrii,2,2026.07,Operatori mici
VLAD TRUCK LOGISTIC SRL,R46157489,SAT CUCA,2,2026.07,Operatori mici
RADEPOCAR SRL,R31555222,RIMETEA,2,2026.07,Operatori mici
TRANS NOVA IMPEX SRL,R10254898,Bucuresti,3,2026.07,Operatori mici
GALEXFORTRANS SRL,R15712813,Vulcan,3,2026.07,Operatori mici
FLORINI TRANS SRL,R17196840,Slimnic,4,2026.07,Operatori mici
GIL CHITRANS SRL,R36357188,Piatra Neamt,6,2026.07,Operatori mici
LESMAN CARGO SRL,R47062174,Slatina,4,2026.07,Operatori mici
AUTO SOFI TRANS SRL,R37869305,Nanov,10,2026.07,Operatori medii 1
MARDANI COM SRL,R8362154,Seini,3,2026.07,Operatori mici
SEUR TRANS INTERNATIONAL SRL,R5804316,Bucuresti,3,2026.07,Operatori mici
ALSAN PECO SRL,R5910899,Campulung Moldovenesc,3,2026.07,Operatori mici
TEHNING PROD SRL,R4003450,Oradea,3,2026.07,Operatori mici
TAXI-VOLAN SRL,R1844903,Lugoj,3,2026.07,Operatori mici
VASIFLOR  STELIAN TRANS SRL,R37816564,Selaru,3,2026.07,Operatori mici
CARCABA SRL,R34217021,Darmanesti,3,2026.07,Operatori mici
DARK FOREST SRL,R19014058,Drobeta Tr Severin,3,2026.07,Operatori mici
PROJECT LOGISTICS 95 S.R.L.,R39659334,"Bucuresti,sector 1",4,2026.07,Operatori mici
HENNING CONSTRUCT SERVICE SRL,R24653805,Braila,4,2026.07,Operatori mici
IUROM IMPEX SRL,R8441649,Novaci,5,2026.07,Operatori mici
HABAU SRL,R13092995,Ploiesti,5,2026.07,Operatori mici
MELTIADE TRANS SRL,R35348807,Bolintin Vale,6,2026.07,Operatori mici
BRACSUR,R45360930,Borod,6,2026.07,Operatori mici
COM DIVERS LOGISTIC SRL,R26033087,Bascov,6,2026.07,Operatori mici
SMART CARGOTRANS SRL,R23481949,Bucuresti,6,2026.07,Operatori mici
EVE-EV LOGISTIC SRL,R24536589,SAT GHIGHIU,6,2026.07,Operatori mici
BTP GOLD SRL,R26080364,Gilau,7,2026.07,Operatori mici
DYLAND FASHION SRL,R35722862,Ramnicu Valcea,7,2026.07,Operatori mici
CTA TIR SPEDITION,R33834835,Novaci,7,2026.07,Operatori mici
ELIAN TOP LOGISTIC SRL,R36680170,Bradu,8,2026.07,Operatori mici
BERVAS SRL,R17260366,Sarasau,8,2026.07,Operatori mici
FILMARALI SRL,R14622739,Milisauti,11,2026.07,Operatori medii 1
AUTOFRIG SRL,R24158718,Cluj Napoca,12,2026.07,Operatori medii 1
TOTAL RUTIER TRANSPORT SRL,R26253112,Targu Mures,4,2026.07,Operatori mici
CRIDODAR SPEDITION SRL,R33895492,Marginea,4,2026.07,Operatori mici
TRANS KING DAVALEX SRL,R32432538,Scheia,4,2026.07,Operatori mici
YPP ROAD CARGO SRL,R41509290,Suceava,4,2026.07,Operatori mici
DENUDOR SRL,R27035078,Tulnici,4,2026.07,Operatori mici
DANAXY INTERNATIONAL,R15225656,Vama,4,2026.07,Operatori mici
FREEZE TRANS SRL,R29334076,Bucecea,5,2026.07,Operatori mici
PAM GROUP SRL,R22205244,Eforie Sud,6,2026.07,Operatori mici
KAANAY TRANSPORT S.R.L.,R43109070,Giurgiu,7,2026.07,Operatori mici
RUCOSM TRADE SRL,R30203198,Alba Iulia,8,2026.07,Operatori mici
TEPIUL SRL,R15041920,Timisoara,8,2026.07,Operatori mici
CELIA SRL,R10598859,Iasi,9,2026.07,Operatori mici
AGROPROD WHITE SRL,R33509478,Tulcea,10,2026.07,Operatori medii 1
ALESIS TRANS LOGISTIK,R30589090,Oradea,7,2026.07,Operatori mici
HOME LAND FACTORY SRL,R30295302,Borzont,7,2026.07,Operatori mici
G.T.M. EXPRES SRL,R28038323,Marginea,8,2026.07,Operatori mici
KIKI & IRI 2011,R31093115,Timisoara,8,2026.07,Operatori mici
VIC & VIO INTERNATIONAL TRANS SRL-D,R38173165,Zalau,10,2026.07,Operatori medii 1
D&B MEGATRANS LOGISTICS SRL,R30488583,Cluj Napoca,10,2026.07,Operatori medii 1
II TUDORESCU GHE PETRE,R30211832,Breznita Ocol,6,2026.07,Operatori mici
DRACARD SRL,R8050705,Borsa,8,2026.07,Operatori mici
FRESH FOREXIM PROD SRL,R6583353,DROBETA TURNU-SEVERIN,9,2026.07,Operatori mici
ROCAR PREST S.R.L.,R33633084,Strejnic,10,2026.07,Operatori medii 1
SIA TRANS EUROPA S.R.L.,R33198053,Suceava,10,2026.07,Operatori medii 1
TRANS TRUCK VLD SRL,R42298221,Agigea,12,2026.07,Operatori medii 1
MARCON INVEST SRL,R21985435,Criseni,8,2026.07,Operatori mici
URAROM SRL,R14447999,Timisoara,11,2026.07,Operatori medii 1
ROLY IMPEX SRL,R2215308,Sighetul Marmatiei,11,2026.07,Operatori medii 1
LIG TRANSPORTER SRL,R43676996,Poiana Lacului,3,2026.07,Operatori mici
TRANSCOM MUNTENIA SRL,R1194703,Topliceni,3,2026.07,Operatori mici
RO-TR MANAGEMENT CONSULTING SRL,R44337742,Topoloveni,3,2026.07,Operatori mici
NUTA GEO FAMILY,R39625560,Visina,3,2026.07,Operatori mici
ARAI TRANSIT,R51826687,Valenii de Munte,3,2026.07,Operatori mici
CLIP PROD-IMPEX,R6727432,Frumosu,3,2026.07,Operatori mici
SAR ARI TRANS S.R.L.,R37860209,Radauti,3,2026.07,Operatori mici
VALTRANS 2000 SRL,R9865987,Bucuresti,3,2026.07,Operatori mici
UTILAJ LOGISTICS SRL,R22540605,Bucuresti,3,2026.07,Operatori mici
AGNES S.R.L.,R7426870,Bucuresti,3,2026.07,Operatori mici
OPTIMA LOGISTIX TRANS SRL,R46367049,Constanta,3,2026.07,Operatori mici
KIRALYTRANS S.R.L.,R18859216,Arcus,3,2026.07,Operatori mici
KATALAN  W TRANS SRL,R44253870,Brasov,3,2026.07,Operatori mici
AYAN &VLADIMIR LOGISTIC SRL,R42675291,Pitesti,3,2026.07,Operatori mici
CYL TOP SPEDITION,R47684959,Pitesti,3,2026.07,Operatori mici
PRG GLOBAL 85 S.R.L.,R46264655,Bacau,3,2026.07,Operatori mici
CREMIAN TRUCK SRL,R18893684,Ploiesti,3,2026.07,Operatori mici
BEKE EXPEDITION SRL,R44983050,Manesti,3,2026.07,Operatori mici
LUKAS DOMSERV SPEDITION,R35834688,Magurele,3,2026.07,Operatori mici
CARGOPRIM EXPRES SRL,R36457772,Birnova,3,2026.07,Operatori mici
TRANS TUANA SRL,R47775879,Bragadiru,3,2026.07,Operatori mici
YILMAZ LOGISTIC SRL,R46681750,Afumati,3,2026.07,Operatori mici
GOKAY TRANS LOGISTIK SRL,R50384358,Chiajna,3,2026.07,Operatori mici
UTJ LOGISTIK TRANSPOR SRL,R39694420,SECTOR 4,3,2026.07,Operatori mici
DAVE INTELLIGENT SOFTWARE SRL,R46485656,Bistrita Nasaud,3,2026.07,Operatori mici
GACAL LOGISTIC SRL,R51817328,"BUCURETI, SECTOR 4",3,2026.07,Operatori mici
ADEFLOR TOP LOGISTIC SRL,R38801600,Slobozia,3,2026.07,Operatori mici
DANGO LOGISTICS S.R.L.,R42465451,Berivoi,3,2026.07,Operatori mici
DEA CARGO EURASIA SRL,R46010398,Pite?ti,3,2026.07,Operatori mici
JUNIOR SPEDITION SRL,R32321130,"POIANA,SUCEAVA,ROMANIA",3,2026.07,Operatori mici
SENCOM TRUCK SRL,R42712691,Piatra-Neamt,3,2026.07,Operatori mici
APIS KEUTER TRANSPORT,R40948425,Nigrisoara,3,2026.07,Operatori mici
ROBSTYN LOGISTIC SRL,R37168705,SAT BUZOTA,4,2026.07,Operatori mici
AGRICOLA HERASTI SRL,R32564717,SAT HERASTI,4,2026.07,Operatori mici
FAS TRANSITUS SRL,R51317241,LOC. MILISAUTI,4,2026.07,Operatori mici
C.C.BOVINE S.R.L.,R23037610,Tulghies,4,2026.07,Operatori mici
ALTRAND SRL,R47046608,Barlad,4,2026.07,Operatori mici
MARA LINES TRANSPORT SRL,R41522265,SECTOR 4,4,2026.07,Operatori mici
RMT-TRANS SRL,R36354793,Sat Rasesti,4,2026.07,Operatori mici
BANARI TRANS S.R.L.,R29339022,Iasi,4,2026.07,Operatori mici
ALYTRANS EXPEDITION SRL,R51501278,Bucov,4,2026.07,Operatori mici
ADNITY LOGISTIC SRL,R45715757,Targu Mures,4,2026.07,Operatori mici
CML NATURAINVEST SRL,R45844204,Grinties,4,2026.07,Operatori mici
MBD&PRO CONSTRUCT TECHNOLOGY SRL,R5261031,Pitesti,4,2026.07,Operatori mici
ALEX LOGISTIC EUROPEAN SRL,R38893751,Pitesti,4,2026.07,Operatori mici
MARI AND GAB DIVERS SRL,R43341575,Draganu,4,2026.07,Operatori mici
LOTUS EXPRESS SPEDITION SRL-D,R33987588,Aiud,4,2026.07,Operatori mici
OLT RIAMAD SRL,R46308905,Braila,4,2026.07,Operatori mici
COMTRANS SA,R1116543,Fagaras,4,2026.07,Operatori mici
ALIBIASIB EXPRESS TRANSCOM SRL,R44267329,Buzau,4,2026.07,Operatori mici
SOFICU TRANS SRL,R8632754,Intorsura Buzaului,4,2026.07,Operatori mici
TACHE RADU SRL,R34971652,Gaesti,4,2026.07,Operatori mici
NIK TRADE COMPANY SRL,R23041409,Constanta,4,2026.07,Operatori mici
ITALTONY SERVICE SRL,R12359041,Bucuresti,4,2026.07,Operatori mici
BLONDU LAURA TRANS SRL,R35325170,Visina,4,2026.07,Operatori mici
ILONBOB TRANS SRL,R14609080,Predeal Sarari,4,2026.07,Operatori mici
COMERT CHICCO SRL,R538280,Targu Secuiesc,4,2026.07,Operatori mici
FADADANIF S.R.L.,R30935797,Focsani,4,2026.07,Operatori mici
DAVATTI SPEDITION. SRL,R32552798,Valea Calugareasca,5,2026.07,Operatori mici
MALBITRANS MMV S.R.L.,R34570154,Gorban,5,2026.07,Operatori mici
HAS-FA TRANSPORT SRL,R44578406,Bucuresti,5,2026.07,Operatori mici
DARALI PRO TRANS SRL,R28641412,Bucuresti,5,2026.07,Operatori mici
AFIN TRANS SPEED,R32031803,Bucuresti,5,2026.07,Operatori mici
VLADIS VIF SPEED SRL,R40758501,Poiana Stampei,5,2026.07,Operatori mici
NETEXPRESS RO SRL,R47539339,Constanta,5,2026.07,Operatori mici
ROALDAVID TRANS SPEDITION S.R.L,R29248854,Bascov,5,2026.07,Operatori mici
STEFAN TRANSPORT EUROPEAN,R44260339,Pitesti,5,2026.07,Operatori mici
KAIPOS SRL,R23920106,Horia,5,2026.07,Operatori mici
TRANSPEDITION S.R.L.,R32052350,Iasi,5,2026.07,Operatori mici
OZKUMRU LOGISTICS SRL,R49763358,Bragadiru,5,2026.07,Operatori mici
MSG ENTERPRISE TRANSPORT SRL,R45562971,Galati,5,2026.07,Operatori mici
ALFIBEST LOGISTIC SRL,R52207506,RAFOV,5,2026.07,Operatori mici
DANY-SOW-TRANS S.R.L.,R34883410,MATUSARU,5,2026.07,Operatori mici
AGRILEX TRANS SRL,R49793375,SAT ÎNTORSURA,6,2026.07,Operatori mici
BEST SHOP SRL,R16879144,Craiova,6,2026.07,Operatori mici
ALEX TRANS 2015 SRL,R34559482,Adunatii Copaceni,6,2026.07,Operatori mici
COSMAR SPEDITION,R39574750,Cosereni,6,2026.07,Operatori mici
AKSOY LOJISTIK SRL,R31950370,Dobroiesti,6,2026.07,Operatori mici
DYAS LOGISTIC SRL,R43132439,Mioveni,6,2026.07,Operatori mici
CATALEYA MAYA TRANS,R42871689,Mosoaia,6,2026.07,Operatori mici
IANIS EXPRESS CARGO SRL,R47107802,Bascov,6,2026.07,Operatori mici
LIM IMPEX SRL,R10226898,Buzau,6,2026.07,Operatori mici
READY TO GO COMIMPEX SRL,R7108124,Bucuresti,6,2026.07,Operatori mici
BTR AUTOTRANSPORT SRL,R50154677,Talmaciu,6,2026.07,Operatori mici
JSN TRANS EXPRESS SRL,R47835920,Onesti,6,2026.07,Operatori mici
CORY & GABY TRANS,R23075150,Rusca Montana,7,2026.07,Operatori mici
A&C PARTENERS SRL,R27906201,Gratia,7,2026.07,Operatori mici
LIA CONCEPT TRANS 2020 SRL,R42675372,Topoloveni,7,2026.07,Operatori mici
CMI MARIO TRANSCAR SRL,R30629623,Pitesti,7,2026.07,Operatori mici
RMT LOGTRANS SRL,R47278934,BADOSI,7,2026.07,Operatori mici
TRAVI SERV UTIL SRL,R26162251,Sârbii-Magura,8,2026.07,Operatori mici
CALTEXIM LOGISTIC SRL,R15081402,SECTOR 1,8,2026.07,Operatori mici
COMERT BATU SRL,R5993355,Sfantu Gheorghe,8,2026.07,Operatori mici
PETER CONF TURISM SRL,R548411,Sfantu Gheorghe,8,2026.07,Operatori mici
NIKOST IMPEX SRL,R11879704,Maracineni,9,2026.07,Operatori mici
JLD TRANS SRL,R42818022,Bascov,9,2026.07,Operatori mici
AYGUL TRANSPORT LOGISTIC SRL,R35817610,sector 3,9,2026.07,Operatori mici
LAZAR NEW CONCEPT,R30461928,Bascov,10,2026.07,Operatori medii 1
DACIAN IMPEX SRL,R3665289,Davidesti,11,2026.07,Operatori medii 1
EXPO FLAVIUS SRL,R19129848,Halmagiu,3,2026.07,Operatori mici
ALYMAR LOGISTIC LKW  SRL,R50666626,Slobozia,3,2026.07,Operatori mici
BRK TRANSPORT SRL,R48328577,CLEJANI,3,2026.07,Operatori mici
DGS CONNECT EXPRESS SRL,R40356474,BUCURESTI SECTORUL 6,3,2026.07,Operatori mici
ELMA SPEDITION SRL,R44465156,TIGANESTI DE CRIS,3,2026.07,Operatori mici
FGA LUCA TRANS SRL,R49751710,DARMANESTI,3,2026.07,Operatori mici
SCOBRA TRANS SRL,R5566389,Bran,3,2026.07,Operatori mici
KAZUG SRL,R21381153,Braila,3,2026.07,Operatori mici
CONVECT LINES SRL,R24338026,Resita,3,2026.07,Operatori mici
TERMOEXPRESS SRL,R23787698,Sfantu Gheorghe,3,2026.07,Operatori mici
ZFT LOGISTICS SOLUTION SRL,R47163772,Chiajna,3,2026.07,Operatori mici
FDL SANBIA TRANS SRL,R38346916,Galati,3,2026.07,Operatori mici
PETRESCU LOGISTIC,R42112271,Ploiesti,3,2026.07,Operatori mici
TRANS ALIANS GRUP S.R.L.,R27091140,Iasi,3,2026.07,Operatori mici
LUCADIA TRANSPORT,R51759006,Siria,3,2026.07,Operatori mici
ADY & ALY TOP SPEDITION SRL,R40171603,Stalpeni,3,2026.07,Operatori mici
EUROPA SPEDITION SRL,R26214628,Dobrotesti,3,2026.07,Operatori mici
LT  GRUP SPED SRL,R51776953,Lipovat,3,2026.07,Operatori mici
SOGERO IMPEX SRL,R2620858,Bucuresti,3,2026.07,Operatori mici
TRANSMARINO COMPANY SRL,R2597364,Bucuresti,3,2026.07,Operatori mici
GALI TRANSIMPEX SERVICE SRL,R3384127,Bucuresti,3,2026.07,Operatori mici
VALENTINO LOGISTICS SRL,R27843391,Bucuresti,3,2026.07,Operatori mici
ALCATRAZ INTER TRANS SRL,R26723516,Bucuresti,3,2026.07,Operatori mici
MATTEO CSM SRL,R49054313,Balcesti,3,2026.07,Operatori mici
LUCIFAB ADI TRANS SRL,R32346135,Suceava,3,2026.07,Operatori mici
LIVMAL ANDRIES SRL,R23650240,Mileanca,5,2026.07,Operatori mici
VAM SOFI TRANS SRL,R27445884,Ia?i,12,2026.07,Operatori medii 1
VESTIBUS SRL,R8877622,"Sat Mihail Kogalniceanu, com Smardan",4,2026.07,Operatori mici
STECOTRANS S.R.L,R6239504,Mizil,4,2026.07,Operatori mici
MET NAK TRANSPORT SRL,R46381078,Albesti Paleologu,5,2026.07,Operatori mici
ALDANI TRANSPORT SRL,R31443130,Aiud,5,2026.07,Operatori mici
CATION OLIMP SPEED SRL,R45829271,Costesti,5,2026.07,Operatori mici
SIBEL YENER SRL,R9597574,Pitesti,6,2026.07,Operatori mici
JUDE CONSTRUCT SRL,R19055066,Remetea Mare,6,2026.07,Operatori mici
GHITA SI MARI SRL,R31242934,Vadu Izei,6,2026.07,Operatori mici
CRIDYSOR TRANS SRL,R16564561,Baia de Fier,8,2026.07,Operatori mici
IL GONI TRANS .RO,R29248331,DROBETA TURNU-SEVERIN,7,2026.07,Operatori mici
MAXIS TRANS SRL,R21102674,Targu Jiu,8,2026.07,Operatori mici
ERTA LOGISTICS SRL,R30575051,Ploiesti,10,2026.07,Operatori medii 1
BYLYVYA SRL,R23502146,Gaesti,6,2026.07,Operatori mici
BIB EXPLO TUR SRL,R31504393,Repedea,6,2026.07,Operatori mici
RADU RMR TRANS SRL,R15917037,Remeti,6,2026.07,Operatori mici
TIBICAR PREST SRL,R6457410,Vutcani,10,2026.07,Operatori medii 1
FACTOR SERVICE SRL,R24780329,Borzont,7,2026.07,Operatori mici
IMFEREX SRL,R523832,Odorheiu Secuiesc,9,2026.07,Operatori mici
ALDOMON TRANSLOGISTIC SRL,R32735990,bata,10,2026.07,Operatori medii 1
BIRMOND TRANS SRL,R11361477,Dragomiresti,11,2026.07,Operatori medii 1
MARIO ALEX,R15646388,Calinesti Oas,10,2026.07,Operatori medii 1
HELIOPOLIS PRESTSERV SRL,R11363893,Targu Ocna,11,2026.07,Operatori medii 1
TRANS ALECU EXPEDITII SRL,R17136431,Bucuresti,4,2026.07,Operatori mici
SAD TRANS EXPRES SRL,R31364362,Bucuresti,4,2026.07,Operatori mici
GAZIKENT TRANS SRL,R31266208,Bucuresti,4,2026.07,Operatori mici
ROVA TRANS CONTINENTAL SRL,R48890965,Ploiesti,4,2026.07,Operatori mici
FLORA SERCOM S.A.,R6667616,Drobeta Turnu Severin,4,2026.07,Operatori mici
CONDOR RATRANS EXPEDITION SRL,R34122207,COMUNA VALEA RAMNICULUI,4,2026.07,Operatori mici
BL TRANS S.R.L,R47815388,"bucuresti,sector 4",4,2026.07,Operatori mici
SIMONA&DIANA TRANSPORT SRL,R30628709,"bucuresti,sector 4",4,2026.07,Operatori mici
DGA CREATIVE INOVATION LOGISTIC S.R.L,R43491181,BUCURE?TI SECTORUL 1,4,2026.07,Operatori mici
PAG TRANS SRL,R47980393,Sabareni,5,2026.07,Operatori mici
MEDUSAS PHOENIX SRL,R48023378,Bragadiru,5,2026.07,Operatori mici
ARTEGO SA,R2157428,Targu Jiu,5,2026.07,Operatori mici
MARIUS GABRIEL TRANSPORT SRL,R12933577,Bucuresti,5,2026.07,Operatori mici
SCHLUMBERGER ROMANIA SRL,R17879754,Bucuresti,5,2026.07,Operatori mici
IMSAT SA,R1571536,Bucuresti,5,2026.07,Operatori mici
CARSMIX NEW TRANS,R39890443,Valea Mare Pravat,5,2026.07,Operatori mici
NEL BUIBAR TRANS,R43240570,Visina,5,2026.07,Operatori mici
CHRIS-TRANS EXPRES S.R.L.,R16342069,Bucuresti,6,2026.07,Operatori mici
MIR TRANSPORT S.R.L.,R16673232,Dobroiesti,6,2026.07,Operatori mici
A.T.B. INTERNATIONAL CARGO SRL,R30971099,HUREZ,6,2026.07,Operatori mici
AGRITUMI SRL,R31942881,BUCU,7,2026.07,Operatori mici
AC LOGISTICS SOLUTIONS SRL,R47809424,Bascov,7,2026.07,Operatori mici
BEK TRANS SRL,R20631480,Catalina,7,2026.07,Operatori mici
FRATII V&D SRL,R17882946,Moieciu de Jos,7,2026.07,Operatori mici
CHISTOLTRANS SRL,R36123799,Lipovat,8,2026.07,Operatori mici
IGEXPRESS TRANS S.R.L.,R32225095,Holboca,8,2026.07,Operatori mici
DIANA TRUCK & TRAVEL SRL,R28226734,Tg-Mures,8,2026.07,Operatori mici
ALEXIA EXPRESS LOGISTIK SRL,R31401541,Bertea,9,2026.07,Operatori mici
BLITZ-TRANS SRL,R21680139,Vaslui,9,2026.07,Operatori mici
TEO TRUCK LOGISTIC SRL,R50214663,Iasi,10,2026.07,Operatori medii 1
GHETEO DRIVING SRL,R45003538,Arad,10,2026.07,Operatori medii 1
TERMOTRANS SRL,R10083704,Brasov,4,2026.07,Operatori mici
ELIBOL NAKLIYAT S.R.L.,R44057246,Bragadiru,4,2026.07,Operatori mici
MIHALEX TRANSPORT LTD SRL,R44881891,Draganesti Vlasca,4,2026.07,Operatori mici
IRIS TRANSLINE,R46286548,Zvoristea,4,2026.07,Operatori mici
FONTEGAS ROCCADA SPIDE ITALIA SRL,R11162962,Simian,4,2026.07,Operatori mici
ATY LUD TRANS SRL,R28555281,Pascani,4,2026.07,Operatori mici
EOL TRANS COM SRL,R16372086,Bucuresti,4,2026.07,Operatori mici
MATEI TRANS INTERNATIONAL,R29473570,Bucuresti,4,2026.07,Operatori mici
AXIAL TRANSPORT SRL,R10969582,Milisauti,4,2026.07,Operatori mici
MIDIAL CEBO TRANS SRL,R42301998,Rediu,4,2026.07,Operatori mici
SANCAT TRANS,R16048862,Prejmer,5,2026.07,Operatori mici
SC RUTDAN TRANS SRL,R33974936,Novaci,5,2026.07,Operatori mici
ASV PREMIER TRANSPORT SRL,R28382180,Buftea,6,2026.07,Operatori mici
LAVINYA LOGISTIC SRL,R46066186,Roman,6,2026.07,Operatori mici
DINU TIT SRL,R33944498,PICIOR DE MUNTE,6,2026.07,Operatori mici
PROD COM LUCA S.R.L.,R5776011,Halmeu,7,2026.07,Operatori mici
GASFIVAL,R18191698,Targu Jiu,12,2026.07,Operatori medii 1
SMART DEALS TRANSPORT SRL,R34233493,Iasi,10,2026.07,Operatori medii 1
DORIMA SRL,R18359687,Jebel,7,2026.07,Operatori mici
GUNEY EYLUL TRANS SRL,R32608376,Bragadiru,5,2026.07,Operatori mici
DOM-MEL 95 LOGISZTIKA SRL,R7444159,Joseni,5,2026.07,Operatori mici
RONIM SRL,R4078401,Codlea,5,2026.07,Operatori mici
EVION-NIRONES SRL,R43831895,Sfantu Gheorghe,5,2026.07,Operatori mici
DRAGOS METAL TRANS SRL,R26680610,com.Gheraseni jud .Bacau,5,2026.07,Operatori mici
MALEX SRL,R1112835,Brasov,6,2026.07,Operatori mici
N.C TRANS-COMPANY SRL,R22345191,Iasi,6,2026.07,Operatori mici
VIK LOGISTIC COMPANY SRL,R28036322,Iasi,6,2026.07,Operatori mici
BUTAN GAS ROMANIA S.A.,R8297854,Bucuresti,6,2026.07,Operatori mici
CETINAY LOGISTIC SRL,R48111615,Voluntari,7,2026.07,Operatori mici
MARKLINE TRUCK SRL,R46404996,Iasi,7,2026.07,Operatori mici
CATA AGROTOP SPEDITION SRL,R35673166,Buzoesti,7,2026.07,Operatori mici
VIOVAL TRANS SRL,R18961061,Breaza,8,2026.07,Operatori mici
MARRY POP TRUCKS SPEDITION SRL,R46389969,Iasi,8,2026.07,Operatori mici
MONDUNIVER SERVICII SRL,R24652397,Iasi,8,2026.07,Operatori mici
TCR EXPRESS LOGISTICS SRL,R48920420,Bragadiru,8,2026.07,Operatori mici
DSD BLUE TRANS SRL,R37409986,Bucuresti sector2,8,2026.07,Operatori mici
LUCASOF LKW SPEED,R38809794,Greci,8,2026.07,Operatori mici
GEO-AUTO-CONS SRL,R22651441,Costesti,9,2026.07,Operatori mici
NBC TRANSPORT LOGISTIC DRIVE,R38538377,Pitesti,10,2026.07,Operatori medii 1
MINITRANS SRL,R16601082,Dobrotesti,12,2026.07,Operatori medii 1
GEO TRANS SRL,R14847782,Rosiori de Vede,12,2026.07,Operatori medii 1
LUXTEN LIGTHING COMPANY,R6734030,Timisoara,5,2026.07,Operatori mici
TAGA NORD TRANS SRL,R26763421,Brasov,5,2026.07,Operatori mici
TRANSRAPID SRL,R18673514,Vama,6,2026.07,Operatori mici
2 A FASONARE OTEL SRL,R40341171,Bascov,6,2026.07,Operatori mici
PARMAROM IMPORT-EXPORT SRL,R5052434,Bucuresti,7,2026.07,Operatori mici
VAGO TRANS SERV SRL,R8490943,Novaci,9,2026.07,Operatori mici
HKL LOGISTIK SPEDITIE SRL,R48681225,Buftea,11,2026.07,Operatori medii 1
POLLYNORDTRANS SRL,R43973741,Vaslui,12,2026.07,Operatori medii 1
BB CIV FORCE CONSTRUCT SRL,R27804481,Copaceni,11,2026.07,Operatori medii 1
SIM AUTO SPEDITION S.R.L.,R30962228,Constanta,12,2026.07,Operatori medii 1
AUTO MIF SPEDITION SRL,R37003553,Pitesti,9,2026.07,Operatori mici
WEATHERFORD ATLAS GIP SA,R1360687,Ploiesti,6,2026.07,Operatori mici
FERABIT TRANS S.R.L.,R27841633,Popricani,6,2026.07,Operatori mici
IMPRODEX AUTOTRANSPORT 3M SRL,R445718,Bucuresti,6,2026.07,Operatori mici
COSTI TRANS S.R.L.,R15495315,Bucuresti,6,2026.07,Operatori mici
ALETRANS S.R.L.,R3583561,Brasov,7,2026.07,Operatori mici
GAITAN TRANS SRL,R13516160,Bradet,7,2026.07,Operatori mici
NEMET INTERNATIONAL TRANSPORT COMPANY SRL,R5314640,Brasov,8,2026.07,Operatori mici
PETHOLB TRANS SRL,R33520310,Braila,8,2026.07,Operatori mici
KAROM INT TRANSPORT IMPORT EXPORT TRADE SRL,R10546914,Bucuresti,10,2026.07,Operatori medii 1
JUST INTERNATIONAL LOGISTICS SRL,R38907202,Bucuresti,10,2026.07,Operatori medii 1
ROBERTO TOUR SRL,R22716435,Pitesti,12,2026.07,Operatori medii 1
ALUCIUS SPEED LOGISTIC SRL,R35940611,Bascov,12,2026.07,Operatori medii 1
GLOBEX ZAFER TRANS SRL,R27667074,Arad,12,2026.07,Operatori medii 1
CBY SPEEDTRANS S.R.L.,R38373716,Bucov,12,2026.07,Operatori medii 1
DEN & EDY TRANS SRL,R19228850,Pogoanele,6,2026.07,Operatori mici
SZG CARGO TRANS SRL,R41320630,Bucuresti Sector 2,6,2026.07,Operatori mici
ASTRA ROM,R1316711,Aricestii Rahtivani,8,2026.07,Operatori mici
AMI TURING SRL,R16314867,Iasi,9,2026.07,Operatori mici
DON INTERNATIONAL IMPEX S.R.L.,R3648962,Ploiesti,10,2026.07,Operatori medii 1
SEVY TRUCK SERVICE SRL,R42672244,Ramnicu Valcea,9,2026.07,Operatori mici
MXG UNLIMITED WAY,R50335223,Poiana Lacului,9,2026.07,Operatori mici
MANOIL TRANS S.R.L.,R14304182,Targu Secuiesc,10,2026.07,Operatori medii 1
RIGASI TRANS SRL,R13649523,Braila,10,2026.07,Operatori medii 1
SUD EXPRES SRL,R18607197,Buzau,11,2026.07,Operatori medii 1
CLAMAD TRANS 2005 SRL,R17441010,Costesti,11,2026.07,Operatori medii 1
BASA TRANS GRUP&RO SRL,R27068474,Gorban,11,2026.07,Operatori medii 1
KITT COM SRL,R8639698,Bucuresti,12,2026.07,Operatori medii 1
TDE TANDEM MD SRL,R22282204,Iasi,12,2026.07,Operatori medii 1
SIMON TRUCKS SRL,R37850078,1 Decembrie,7,2026.07,Operatori mici
CRIVAL TRANS SMART,R46933520,Pitesti,7,2026.07,Operatori mici
RAZVAN TUR COMPANY SRL,R14362728,Letcani,11,2026.07,Operatori medii 1
TACROM SERVICES S.R.L.,R18893617,Ploiesti,12,2026.07,Operatori medii 1
TORO IMPEX SRL,R538310,Lemnia,8,2026.07,Operatori mici
ROMOTO SRL,R52480874,Ulmi,8,2026.07,Operatori mici
T.E.H. 2001 SERVICE SRL,R13940629,Bucuresti,9,2026.07,Operatori mici
ENERGOMONTAJ SA,R1555468,Timisoara,10,2026.07,Operatori medii 1
HALLIBURTON ENERGY SERVICES ROMANIA SRL,R11004954,Bucuresti,9,2026.07,Operatori mici
DIROM INTERTRANS SRL,R30809578,Alba Iulia,9,2026.07,Operatori mici
BITUM STORAGE SRL,R44301358,ILFOV,9,2026.07,Operatori mici
TRANSVERY SRL,R16895948,Sacele,10,2026.07,Operatori medii 1
MAR TERRA INTERTRANS SRL,R26704140,Bucuresti,1,2026.07,Operatori mici
SEMO TRANS EXPEDITION SRL,R48651127,Bucuresti,1,2026.07,Operatori mici
POPROADTRANS SRL,R38816910,Rosiori de Vede,1,2026.07,Operatori mici
GRADINARU EXPRESS LOGISTIC SRL,R47286317,Orlesti,1,2026.07,Operatori mici
DUMINIC CARGO SRL,R39789199,Voineasa,1,2026.07,Operatori mici
FAIR PLAY SRL,R2548086,Berbesti,1,2026.07,Operatori mici
MARCHIDAN TRANS SRL,R15822948,Ramnicu Valcea,1,2026.07,Operatori mici
EVAFLOR TRANS SRL,R42885358,Ramnicu Valcea,1,2026.07,Operatori mici
DUAL COMPANI SRL,R12819786,Ramnicu Valcea,1,2026.07,Operatori mici
NURVIL SRL,R8517267,Ramnicu Valcea,1,2026.07,Operatori mici
CAMINAS SRL,R3239372,Ramnicu Valcea,1,2026.07,Operatori mici
DRON MOLD TRANS SRL,R39402240,Vaslui,1,2026.07,Operatori mici
CALINA EUROTRANS SRL,R21522546,Vaslui,1,2026.07,Operatori mici
EXPRESSVAB 43 SRL,R44349623,Vaslui,1,2026.07,Operatori mici
VIVALEX MAGNA GRUP SRL,R41342213,Vaslui,1,2026.07,Operatori mici
ANVIGRUP-SIGMA TRANS SRL,R37887140,Vaslui,1,2026.07,Operatori mici
LUDERVAN TRANS SRL,R36988600,Vaslui,1,2026.07,Operatori mici
EUTERPE CRISTIAN TRANS SRL,R33273929,Corni Albesti,1,2026.07,Operatori mici
CATALEXVAD TRANS,R45819928,Lipovat,1,2026.07,Operatori mici
EUROTRANSDORU SRL,R39772278,Puiesti,1,2026.07,Operatori mici
PETAL S.A,R841186,Husi,1,2026.07,Operatori mici
MARI-LAUR-TRANS SRL,R25501643,Ivesti,1,2026.07,Operatori mici
DERZEL CONSTRUCT SRL,R29598299,Golesti,1,2026.07,Operatori mici
PETRELI TEAM SMART SRL,R37572184,Poiana Lacului,1,2026.07,Operatori mici
GEODENY TRANS SPEED SRL,R41876041,Onesti,1,2026.07,Operatori mici
RODSPECTRA SRL,R15751898,Pecica,1,2026.07,Operatori mici
AYLIN,R16220550,Popesti Leordeni,1,2026.07,Operatori mici
DANI & REKA SPEED S.R.L.,R29150863,Izvoru Crisului,1,2026.07,Operatori mici
BENZ M&D SRL,R17010157,Toplita,1,2026.07,Operatori mici
IORGA TRANS SRL,R6229101,Joita,1,2026.07,Operatori mici
DARY TRANSPORT GLOBAL,R39411443,Joita,1,2026.07,Operatori mici
CARTRUCK LOGISTIC,R36653620,Joita,1,2026.07,Operatori mici
DANUT INTERNATIONAL TRANS SRL,R42909490,Pancota,1,2026.07,Operatori mici
ADVANTAGE EXPRESS SRL,R38509371,Popesti Leordeni,1,2026.07,Operatori mici
IVET COM SRL,R7190727,Huedin,1,2026.07,Operatori mici
PRODPORCOM SRL,R6107724,Targu Secuiesc,1,2026.07,Operatori mici
RADYX PROD CO S.R.L.,R10132521,Moisei,1,2026.07,Operatori mici
ERMANOS NICVAN SRL,R31698206,Poienile de Sub Munte,1,2026.07,Operatori mici
HAAR DACU SRL,R45947471,Sebes,1,2026.07,Operatori mici
BLUTMAR SRL,R27093281,Sarasau,1,2026.07,Operatori mici
ADSTAR IMPEX SRL,R16480908,Seini,1,2026.07,Operatori mici
LICHTDAWN,R45242250,Petrosani,1,2026.07,Operatori mici
CONSULTING GLOBAL EXPERT SRL,R24879307,Viseu de Sus,1,2026.07,Operatori mici
AGROGRANA,R30364267,Socodor,1,2026.07,Operatori mici
RIZ TRANSPORT SRL,R24342531,Tinca,1,2026.07,Operatori mici
VASMONELY S.R.L.,R22295980,Teisani,1,2026.07,Operatori mici
ELYFLOR TRANS S.R.L,R40185650,Podu Turcului,1,2026.07,Operatori mici
LA MARINARU SRL,R163105,Topoloveni,1,2026.07,Operatori mici
SRKN LOGISTIK SRL,R47885405,Tileagd,1,2026.07,Operatori mici
SAMNER SRL,R30640915,Ovidiu,1,2026.07,Operatori mici
OSMAN CARGO SRL,R45646819,Ovidiu,1,2026.07,Operatori mici
CLAUTRANS SRL,R17907552,Tecuci,1,2026.07,Operatori mici
DUAL EXPEDITII IMPEX SRL,R19166706,Suseni,1,2026.07,Operatori mici
TOMILD SRL,R21607863,Suplacu de Barcau,1,2026.07,Operatori mici
ALEX ARIANA EUROTRANS SRL,R29490865,Stefanesti,1,2026.07,Operatori mici
GES CARGO TRANS,R45329772,Pascani,1,2026.07,Operatori mici
INTER TUDOR LINE SRL,R46033359,Satu Mare,1,2026.07,Operatori mici
BOGDAN SI OVIDIU TRANSPORT SRL,R46189146,Tulucesti,1,2026.07,Operatori mici
MINI CENTRUM SRL,R4076133,Lunca de Sus,1,2026.07,Operatori mici
GOLD IMPERIAL SRL,R18634566,Vanatori,1,2026.07,Operatori mici
LIVIUMIR TRANS,R11097120,Volovat,1,2026.07,Operatori mici
KNEHO ROM SRL,R13026819,Urziceni,1,2026.07,Operatori mici
DARIUS RAPID TRANS,R41552592,Uliesti,1,2026.07,Operatori mici
PALI & CIMPIAN TRANS SRL-D,R40250847,Vadu Crisului,1,2026.07,Operatori mici
TRANS VIOMAT SRL,R14546828,Veresti,1,2026.07,Operatori mici
SAVLEX SPEDITION SRL,R26032740,Podari,1,2026.07,Operatori mici
DAZ INFO CONSULTING,R18601534,Bucuresti,1,2026.07,Operatori mici
LAUCOR CARGO SRL,R35317347,Calafindesti,1,2026.07,Operatori mici
CHRIS FYLY CARGO SRL,R18651583,Dornesti,1,2026.07,Operatori mici
GRITIN TRUCK SRL,R38574400,Costisa,1,2026.07,Operatori mici
EXPRESS FANY BUCOVINA S.R.L.,R40641608,Fratautii Noi,1,2026.07,Operatori mici
NICOM IMPEX SRL,R764393,Fratautii Vechi,1,2026.07,Operatori mici
LICA S.R.L.,R669014,Prilog,1,2026.07,Operatori mici
BAIDAN TRANS SRL,R16665930,Baia,1,2026.07,Operatori mici
OCTAV IMPEX,R6782968,Satu Mare,1,2026.07,Operatori mici
LUMER TRUCK TRANS S.R.L,R35682300,Satu Mare,1,2026.07,Operatori mici
MUSTANG TRACO SRL,R5889266,Bucuresti,1,2026.07,Operatori mici
ARDIMARLACRI S.R.L.,R19110624,Badeuti,1,2026.07,Operatori mici
COMPLEX SERVICE SRL,R6532040,Carei,1,2026.07,Operatori mici
DANIVIA DEMITRANS SRL.D,R37327495,Zalau,1,2026.07,Operatori mici
MIXT TRANS SRL,R18555977,Botiz,1,2026.07,Operatori mici
TRANS EST VEST SRL,R10250560,Sibiu,1,2026.07,Operatori mici
VELDTRANS,R14315556,Timisoara,1,2026.07,Operatori mici
SM RECOSEMTRACT SRL,R6553280,Timisoara,1,2026.07,Operatori mici
LAVEE  SRL,R24788810,Brezoi,1,2026.07,Operatori mici
TRANS PLUS,R13378645,Timisoara,1,2026.07,Operatori mici
TRANS SAVINI,R9649290,Timisoara,1,2026.07,Operatori mici
CUREA COMPANY S.R.L.,R17051637,Gataia,1,2026.07,Operatori mici
CORIAN EXPEDITION SRL,R27639627,Carani,1,2026.07,Operatori mici
CO2 & DISCOUNT SRL,R24351335,Timisoara,1,2026.07,Operatori mici
VECHE,R6383568,Lugoj,1,2026.07,Operatori mici
ABENI TRANS,R23605915,Suceava,1,2026.07,Operatori mici
INTERTRANS VALI SRL,R22178700,Suceava,1,2026.07,Operatori mici
DAMIANASPEED.SRL,R41474877,Suceava,1,2026.07,Operatori mici
PURA TRANS S.R.L.,R16181183,Suceava,1,2026.07,Operatori mici
RENMARSPEED SRL,R43027212,Suceava,1,2026.07,Operatori mici
FLORIAN BEST S.R.L.,R32609886,Suceava,1,2026.07,Operatori mici
COSMI DMS TRANS SPEDITION SRL,R34701713,Suceava,1,2026.07,Operatori mici
TONIC TRANS,R3778547,Suceava,1,2026.07,Operatori mici
MUSTRANS SRL,R35170270,Suceava,1,2026.07,Operatori mici
DAMOS SRL,R11984742,Suceava,1,2026.07,Operatori mici
DELCLAS TRANS SRL,R22236534,Suceava,1,2026.07,Operatori mici
DUMI ALEXCOM SRL,R723644,Suceava,1,2026.07,Operatori mici
DANY-MUR SRL,R25685198,Suceava,1,2026.07,Operatori mici
HVE TRANS,R6630587,Suceava,1,2026.07,Operatori mici
AXIAL CARGO LINE S.R.L.,R17996070,Milisauti,1,2026.07,Operatori mici
ROTMANEXPRES SPEDITION SRL,R39707660,Milisauti,1,2026.07,Operatori mici
TRANSDANIADA SRL,R21302540,Gura Humorului,1,2026.07,Operatori mici
HOLZ SPEDITION SRL,R29769240,Gura Humorului,1,2026.07,Operatori mici
ASTRAHAN PIEL S.R.L.,R5099755,Ipotesti,1,2026.07,Operatori mici
SANDMADORA SRL,R21913919,Oradea,1,2026.07,Operatori mici
ROVIGO SRL,R18247420,Oradea,1,2026.07,Operatori mici
MERIDIAN CARGO,R17700823,Oradea,1,2026.07,Operatori mici
DANLASCDOR SRL,R17900775,Oradea,1,2026.07,Operatori mici
DALASIA SRL,R24508449,Oradea,1,2026.07,Operatori mici
RAUL SYSTEM,R18471078,Radauti,1,2026.07,Operatori mici
SILVER LOGISTIC SRL,R35436887,Oradea,1,2026.07,Operatori mici
MANOLO TRAFIC SRL,R33895751,Oradea,1,2026.07,Operatori mici
AUTO AXINTE MOTORS SRL,R18783088,Patrauti,1,2026.07,Operatori mici
GUBIBOR SPEDITION SRL,R29366353,Oradea,1,2026.07,Operatori mici
LION PROD COM,R739918,Radauti,1,2026.07,Operatori mici
FRUIT XL INTERNATIONAL SRL,R41437976,Scheia,1,2026.07,Operatori mici
CRS NORD LINE,R37950859,Scheia,1,2026.07,Operatori mici
FILI LOGISTIC SRL,R34008645,Siret,1,2026.07,Operatori mici
ALIN&ALIN SRL,R28423043,Siret,1,2026.07,Operatori mici
SERETH GROUP SRL,R27000517,Siret,1,2026.07,Operatori mici
NIROS TRANS SRL,R22847350,Siret,1,2026.07,Operatori mici
VALENTIN-CODRIN S.R.L.,R24963911,Siret,1,2026.07,Operatori mici
ANDY TRANSCOM SRL,R16481733,Stamate,1,2026.07,Operatori mici
DENEDY LOGISTIC SRL,R34781593,Alba Iulia,1,2026.07,Operatori mici
VIKING TRUCKING SRL,R27396986,Alba Iulia,1,2026.07,Operatori mici
CRISTAL BLANCH RO SRL,R35262438,Cateasca,1,2026.07,Operatori mici
NEW EXCLUSIV TRUCK SRL,R31777890,Boteni,1,2026.07,Operatori mici
NADAN TRANS LOGISTIC SRL,R40184387,Bradu,1,2026.07,Operatori mici
SADYGOM TRANS SRL,R43771670,Pitesti,1,2026.07,Operatori mici
COSTI ROYAL LOGISTIC SRL,R39340563,Negrasi,1,2026.07,Operatori mici
M&C FAST SPEDITION,R41869710,Mioveni,1,2026.07,Operatori mici
AS-SRG SPEED LOGISTIC,R42368572,Pitesti,1,2026.07,Operatori mici
NICOMAR EUROLAND,R27404825,Pitesti,1,2026.07,Operatori mici
RO-CRIS DIVERS SRL,R15154148,Pitesti,1,2026.07,Operatori mici
ESSE.EMIGABRI SRL,R31949634,Bacau,1,2026.07,Operatori mici
RAZA VIOLET SRL,R25463795,Bacau,1,2026.07,Operatori mici
ABY ALEX TOP TRANSPORT SRL,R43659782,1 Decembrie,1,2026.07,Operatori mici
CARGOTRIF TRUCK SRL,R28170307,Arad,1,2026.07,Operatori mici
ADIMIR LOGISTIC,R36970017,Arad,1,2026.07,Operatori mici
AXON SPEDITION,R13262143,Alesd,1,2026.07,Operatori mici
ROWO SPEDITION SRL,R30540460,Arad,1,2026.07,Operatori mici
ERDAL 42 LOGISTIK TRANS SRL,R43855053,Arad,1,2026.07,Operatori mici
SPEED ROAD AUTHORITY SRL,R31184310,Arad,1,2026.07,Operatori mici
IZOLTA,R3369496,Arad,1,2026.07,Operatori mici
PANONIA,R1675170,Arad,1,2026.07,Operatori mici
LARIFARM SRL,R10437739,Arad,1,2026.07,Operatori mici
MIHA TRANS,R6648282,Arad,1,2026.07,Operatori mici
LAVI SI DEX AGL SRL,R30674543,Crevedia,1,2026.07,Operatori mici
QUIK FRESH  IMPEX SRL,R857077,Gaesti,1,2026.07,Operatori mici
MIRUNA SPEED SRL,R45911842,Matasaru,1,2026.07,Operatori mici
RO-SARAH TRANS SRL,R31589284,Poiana,1,2026.07,Operatori mici
BAN & TOUR IMPEX SRL,R6720671,Potlogi,1,2026.07,Operatori mici
FIORELINA SRL,R939878,Pucioasa,1,2026.07,Operatori mici
EDATRANSNET SRL,R41903774,Bratovoesti,1,2026.07,Operatori mici
VEMEGA SRL,R14521858,Calafat,1,2026.07,Operatori mici
GREMI TRANS SRL,R16450800,Razvad,1,2026.07,Operatori mici
POP-ANDI TRANS SRL,R16004173,Targoviste,1,2026.07,Operatori mici
ALIN LOGISTIC & SPEDITION SRL,R30397310,Calarasi,1,2026.07,Operatori mici
JULIANNE PRODEXIM,R6655859,Dej,1,2026.07,Operatori mici
PRODAGRO FARM SRL,R12563008,Moldova Noua,1,2026.07,Operatori mici
LOBO MIDAS TRANSPORT SRL,R43828822,Constanta,1,2026.07,Operatori mici
MARTON FRUCT SRL,R32002808,Constanta,1,2026.07,Operatori mici
TRANSMAT SRL,R12084722,Cluj Napoca,1,2026.07,Operatori mici
TEFIR IMPORT EXPORT SRL,R6053063,Campia Turzii,1,2026.07,Operatori mici
COMAT TRADING SA,R6199361,Bistrita,1,2026.07,Operatori mici
FLORION SERVICE SRL,R107245,Bors,1,2026.07,Operatori mici
CRISMIMI TRANS SRL,R17792711,Bratca,1,2026.07,Operatori mici
KIPEROWIL SRL,R28493308,Girisu de Cris,1,2026.07,Operatori mici
B.P.L. PATRYK TRANS SRL,R30096113,Girisu de Cris,1,2026.07,Operatori mici
DRAGNEA BUSINESS SRL,R35349667,Sirna,1,2026.07,Operatori mici
COSDAN  SPEDITION SRL,R47404307,Drajna,1,2026.07,Operatori mici
MIHALITRANS SRL,R17757595,Slatina,1,2026.07,Operatori mici
CARGOGIL LOGISTIC SRL,R43919424,Ploiesti,1,2026.07,Operatori mici
NIPON EXPRES SRL,R12656310,Poiana Sibiului,1,2026.07,Operatori mici
RICHMONT ATV SRL,R22213387,Azuga,1,2026.07,Operatori mici
RAMSI SPEED LOGISTIC SRL,R41911424,Aricestii Rahtivani,1,2026.07,Operatori mici
ALTIMUS SRL,R29618418,Izvoare,1,2026.07,Operatori mici
PATRU PLUS TRANS S.R.L.,R6108568,Piatra Neamt,1,2026.07,Operatori mici
KOD IMPEX SRL,R7574566,Piatra Neamt,1,2026.07,Operatori mici
TRANSPAULINA SRL,R6427621,Piatra Neamt,1,2026.07,Operatori mici
IRISTRANS SRL,R21872126,Piatra Neamt,1,2026.07,Operatori mici
CORFA ANDRA S.R.L.,R2041694,Piatra Neamt,1,2026.07,Operatori mici
COLIMP SRL,R4678023,Targu Mures,1,2026.07,Operatori mici
SERVSILV TRANS SRL,R5283960,Targu Mures,1,2026.07,Operatori mici
INTERNATIONAL TRANSPORT AUTO SA,R1221719,Targu Mures,1,2026.07,Operatori mici
ALIDANI PRODCOM SRL,R1215857,Targu Mures,1,2026.07,Operatori mici
RAC DANI-DOR SRL,R29069700,Leordina,1,2026.07,Operatori mici
VBH ROMCOM SRL,R9719787,Targu Mures,1,2026.07,Operatori mici
IRODOI AUTOTRANSPORT SRL,R41245504,Iasi,1,2026.07,Operatori mici
JULIA&CARLA TRANS SRL,R10688528,Baia Mare,1,2026.07,Operatori mici
ZEUS S.R.L.,R10390652,Baia Mare,1,2026.07,Operatori mici
PLASCOM IMPEX SRL,R8265046,Reghin,1,2026.07,Operatori mici
RELADI IMPEX SRL,R14612913,Cavnic,1,2026.07,Operatori mici
GERY GROUP SPEDITION SRL-D,R35826170,Iernut,1,2026.07,Operatori mici
TRANS LEO IMPEX SRL,R21521117,Baia Mare,1,2026.07,Operatori mici
WESTIR SA,R5085717,Baia Mare,1,2026.07,Operatori mici
GEMACO SRL,R16183400,Bahnea,1,2026.07,Operatori mici
EDIRIS TRANS S.R.L.,R50464392,Bragadiru,1,2026.07,Operatori mici
ZEYNEL LOGISTIC SRL,R43388748,Bragadiru,1,2026.07,Operatori mici
NETWORK SHOP 2000 SRL,R34730557,Bragadiru,1,2026.07,Operatori mici
TUDOR INDEPENDENT SRL,R11226047,Balotesti,1,2026.07,Operatori mici
CERES VENDOR SRL,R37779229,Miercurea Ciuc,1,2026.07,Operatori mici
IN COM EURO SRL,R492221,Miercurea Ciuc,1,2026.07,Operatori mici
MEDAL COM TRANSPORT SRL,R31499777,Iasi,1,2026.07,Operatori mici
MILAVI TRANS SRL,R31544819,Slobozia,1,2026.07,Operatori mici
MARIS COM SRL,R5737624,Slobozia,1,2026.07,Operatori mici
EURO CARPATLINE SRL,R40650444,Dobroesti,1,2026.07,Operatori mici
LIGE SPEDITION SRL,R28361013,Gruiu,1,2026.07,Operatori mici
HUSI & HARI TRANS SRL,R36356425,Fetesti,1,2026.07,Operatori mici
NIVIDAMA SRL,R12244114,Subcetate,1,2026.07,Operatori mici
IFANTIS ROMANIA S.A,R6739810,Otopeni,1,2026.07,Operatori mici
RABBIT SPEDITION SRL,R35344074,Pantelimon,1,2026.07,Operatori mici
COZAP TRANS S.R.L.,R14315254,Prigoria,1,2026.07,Operatori mici
MIRUAL PROD,R4665325,Targu Jiu,1,2026.07,Operatori mici
BETMAX TRANSPORT SRL,R29420398,Calan,1,2026.07,Operatori mici
LILI TRANSPORT PAN SRL,R45833116,Fratesti,1,2026.07,Operatori mici
METROPOLIS SRL,R14917373,Fratesti,1,2026.07,Operatori mici
ATI TRANS SRL,R15577555,Adunatii Copaceni,1,2026.07,Operatori mici
FAPICOM SRL,R530414,Gheorgheni,1,2026.07,Operatori mici
IUMI TRANS SRL,R14148415,Deva,1,2026.07,Operatori mici
COSMOS TRANS SRL,R23885777,Giurgiu,1,2026.07,Operatori mici
GAFLOR TRANSPORT SRL,R12538454,Giurgiu,1,2026.07,Operatori mici
ROGARD COOM IMPEX,R8540553,Hateg,1,2026.07,Operatori mici
VALYSCOM ROIESTI SRL,R7992178,Craiova,1,2026.07,Operatori mici
EXODUS AVANTE SRL,R41984965,Galati,1,2026.07,Operatori mici
MIH & CALIN TRANS INT SRL,R36152263,Galati,1,2026.07,Operatori mici
TEAM 093 EXPEDITIE SRL,R34549020,Galati,1,2026.07,Operatori mici
ELMARI TRANS,R18782716,Galati,1,2026.07,Operatori mici
VEGA 93,R3118800,Galati,1,2026.07,Operatori mici
BPC EPIPAM PILTRANS SRL,R41542220,Gala?i,1,2026.07,Operatori mici
LNM FOREX SRL,R30191999,Cudalbi,1,2026.07,Operatori mici
LUPU ION GHEORGHE INTREPRINDERE INDIVIDUALA,R34827674,Cudalbi,1,2026.07,Operatori mici
SNERIRAL TRANS,R43634389,Calugareni,1,2026.07,Operatori mici
ROLIN INTERTRANS SRL,R44132429,POPESTI-LEORDENI,1,2026.07,Operatori mici
LUKA ALE CARGO S.R.L.,R40373270,Clit,1,2026.07,Operatori mici
DAVID PALCU TRANS SRL,R35557412,Moisa,1,2026.07,Operatori mici
ASS AUTO SRL,R18670321,Candesti,1,2026.07,Operatori mici
ERICANDY TRANS LOGISTICS S.R.L.,R36702600,Loc. Baneasa,1,2026.07,Operatori mici
FILIPATI TRANS SRL,R36632261,solonetu nou,1,2026.07,Operatori mici
BUCOTUR ADRIROM SRL,R37189040,Costana,1,2026.07,Operatori mici
BARAN TRANSPORT SRL,R47359648,"Bucuresti, sector 2",1,2026.07,Operatori mici
FLORICIP PENTIUC S.R.L.,R37307056,Mitocul Dragomirnei,1,2026.07,Operatori mici
EVELENTRANS MARGA S.R.L.,R37830526,"BUCURESTI, SECTOR 6",1,2026.07,Operatori mici
DUMI&MEA TRANS SRL,R33327301,Zau de Campie,1,2026.07,Operatori mici
ALYRDV TRANS SRL,R43601578,Mitocu Dragomirnei,1,2026.07,Operatori mici
HG NATURES RECYCLES,R43549984,Mitocu Dragomirnei,1,2026.07,Operatori mici
DUCOV SRL,R4673735,Hurjuieni,1,2026.07,Operatori mici
KENWORT TRANS S.R.L.,R19161377,Mitocu Dragomirnei,1,2026.07,Operatori mici
TUREA LS TRANSPORT INTERNATIONAL SRL.,R36036889,DROBETA TURNU-SEVERIN,1,2026.07,Operatori mici
F&G MAPAMOND LOGISTICS SRL,R38563850,Slobozia Conachi,1,2026.07,Operatori mici
KAUFOF COM SRL,R5632024,Glogova,1,2026.07,Operatori mici
TRANSBOG MAGNUM SRL,R43284917,Boto?ani,1,2026.07,Operatori mici
RUSS CARGO HOLDING SRL,R30147667,Comuna Falcoiu,1,2026.07,Operatori mici
IDACARGO SRL,R25921043,DEZMIR,1,2026.07,Operatori mici
CRISTIAN EXPRES LOGISTICS SRL,R45531185,"Calea Bucuresti, nr 172",1,2026.07,Operatori mici
RUNCEANU TUDORICA PFA,R40920939,Sat Runcu,1,2026.07,Operatori mici
POWER TRUCK SILO,R43546864,Ro?cani,1,2026.07,Operatori mici
MARINELA TURCA SRL,R44636833,POTOLGENI VALE,1,2026.07,Operatori mici
SALUNI FRUCT SRL,R35317720,NOJAG,1,2026.07,Operatori mici
ERIC MARELY SRL,R33488820,SAT PICIOR DE MUNTE,1,2026.07,Operatori mici
LUNTRANS GEOCATA SRL,R38596041,TARGU BUJOR,1,2026.07,Operatori mici
SC CLAUVAS TRANS SRL,R23058257,RONA DE JOS,1,2026.07,Operatori mici
IANOS DARIA SPEDITION,R35635030,"COM.UNGHENI,SAT. SATU NOU",2,2026.07,Operatori mici
VITUDOR TRANS SRL,R26651754,IOANIS,2,2026.07,Operatori mici
BUDNARIU & REMUS COMPANY SRL,R35953301,CUTINA,2,2026.07,Operatori mici
AVABETEO SPEED TRANS SRL,R38690366,COM. MOROENI,2,2026.07,Operatori mici
RODI & RALU SRL,R34789163,"SAT. VOINICENI, NR. 111B",2,2026.07,Operatori mici
BANULESCU ADRIAN AUREL INTREPRINDERE INDIVIDUALA,R40386246,PESINARI,2,2026.07,Operatori mici
MVT-TRANS PRIM SRL,R43327171,tansa,2,2026.07,Operatori mici
KTA TRUCK SPEED SRL,R42243200,DROBETA TURNU-SEVERIN,2,2026.07,Operatori mici
KARACAN LOGISTIC SRL,R48163959,VOLUNTARI,2,2026.07,Operatori mici
HDS TRANS,R33377350,Mitocu Dragomirnei,2,2026.07,Operatori mici
SAFF TRADING SRL,R6663290,Carcea,2,2026.07,Operatori mici
ANKA SIBTRANS SRL,R43419798,poplaca,2,2026.07,Operatori mici
ISADAR TRANSPORT SRL,R38105438,VALEA ADANCA,2,2026.07,Operatori mici
MAXSPED SRL,R19111956,SUDRIGIU,2,2026.07,Operatori mici
FIORUCCI DREAMS SRL,R32816482,BLEJOI,2,2026.07,Operatori mici
GECERE LOGISTIC SRL,R34694756,Tria,2,2026.07,Operatori mici
NIC-COS SPEDITION SRL,R25846278,Ovidiu,2,2026.07,Operatori mici
REATIS TRANS SRL,R37708279,Vladimir,2,2026.07,Operatori mici
RELOC SA,R2300870,Craiova,2,2026.07,Operatori mici
NETOSPEDITION GROUP SRL,R31246138,Targoviste,2,2026.07,Operatori mici
EBEN EZER,R11728523,Hateg,2,2026.07,Operatori mici
HALUPEX SRL,R499190,Cristuru Secuiesc,2,2026.07,Operatori mici
ADEDAR TRANS SRL,R37410085,Giurgiu,2,2026.07,Operatori mici
JERCOM SRL,R3846730,Targu Jiu,2,2026.07,Operatori mici
CRILELMAR SRL,R8085185,Targu Jiu,2,2026.07,Operatori mici
TRANSAPI LOGISTIC SRL,R48315755,Moara Vlasiei,2,2026.07,Operatori mici
MARIAN CRIS TRANS SRL,R14062364,Balotesti,2,2026.07,Operatori mici
CRISRAL MOTANU SRL,R26735898,Chiajna,2,2026.07,Operatori mici
GIPED TRANS SRL,R24172151,Baia Mare,2,2026.07,Operatori mici
MONT ROSE,R13637693,Cristesti,2,2026.07,Operatori mici
ICO DISTRIBUTION SRL,R26303164,Sancraiu de Mures,2,2026.07,Operatori mici
BIAMIR SRL,R15438123,Lipanesti,2,2026.07,Operatori mici
CRISTIANU IMPEX SRL,R4420945,Botosani,2,2026.07,Operatori mici
ITL AGROCOMPLEX SRL,R12695246,Lechinta,2,2026.07,Operatori mici
SMS EXPRES SRL,R16106769,Cluj Napoca,2,2026.07,Operatori mici
EMD INTERNATIONAL METAL TRANSPORT SRL,R42882157,Constanta,2,2026.07,Operatori mici
MONDO SPEDITION SRL,R22577280,Cluj Napoca,2,2026.07,Operatori mici
TARGO-SEVERTRANS SRL,R9322972,Targoviste,2,2026.07,Operatori mici
FIN-TRANS,R9998843,Arad,2,2026.07,Operatori mici
FILMAR TRANSANIM SRL,R38037392,Arad,2,2026.07,Operatori mici
LFL RAPID TRANSPORT SRL,R45170854,Arad,2,2026.07,Operatori mici
PANDORA LOGISTIC SRL,R26476378,Pitesti,2,2026.07,Operatori mici
STEFAN TRANSPORT LOGISTIC SRL,R44939861,Pitesti,2,2026.07,Operatori mici
LAUR CARGO EXPRESS S.R.L.,R41869788,Dragoslavele,2,2026.07,Operatori mici
RFG FAST SPEDITION SRL,R35337433,Cateasca,2,2026.07,Operatori mici
TAVIOAN TOP EXPRES SRL,R28177801,Campulung,2,2026.07,Operatori mici
SIMCRIS SRL,R3910132,Abrud,2,2026.07,Operatori mici
SIPCO EXPRES SRL,R28840709,Alba Iulia,2,2026.07,Operatori mici
EUROTRANS ALEXIA S.R.L.,R27578597,Oradea,2,2026.07,Operatori mici
EXPERT ENERGY SERVICES,R37200377,Radauti,2,2026.07,Operatori mici
MARIDAR TRANS S.R.L.,R11846596,Oradea,2,2026.07,Operatori mici
MEDIABANK PROD SRL,R40517198,Oradea,2,2026.07,Operatori mici
UNIVEST COM SRL,R64810,Oradea,2,2026.07,Operatori mici
HREBIN S.R.L.,R21863934,Suceava,2,2026.07,Operatori mici
TRANS MARY STELY SRL,R14814033,Suceava,2,2026.07,Operatori mici
TRANSVAL SRL,R5250121,Suceava,2,2026.07,Operatori mici
NOHAI AUTOSPEED SRL,R32160123,Suceava,2,2026.07,Operatori mici
N&B LOGISTIC,R35893196,Suceava,2,2026.07,Operatori mici
TAYFUN LOGISTIC 07 SRL,R44912157,Orlat,2,2026.07,Operatori mici
IMPERIAL TRANS PAS SRL,R42886523,Cehu Silvaniei,2,2026.07,Operatori mici
SAND NEL TRANS,R679352,Cizer,2,2026.07,Operatori mici
LAN BOVISOVIS SRL,R31726250,Zalau,2,2026.07,Operatori mici
OLI PROD SERV IMPEX SRL,R4751884,Bucuresti,2,2026.07,Operatori mici
MIRODIA PROD IMPEX,R4841316,Campulung Moldovenesc,2,2026.07,Operatori mici
NEWTEX STIL S.R.L.,R24458693,Vanatori,2,2026.07,Operatori mici
ALBA ALUMINIU SRL,R12401154,Zlatna,2,2026.07,Operatori mici
ALMOS AGROROM SRL,R18736345,Secuienii Noi,2,2026.07,Operatori mici
DIRCOM TRANSPORT SRL,R28183374,Miroslava,2,2026.07,Operatori mici
VOF SERVICE TRANS SRL,R27845430,Turda,2,2026.07,Operatori mici
LARIMARTRANS IMP EXP SRL,R37038195,Sangeorz Bai,2,2026.07,Operatori mici
NICOLIA EUROTRANS SRL,R44407970,Stefanesti,2,2026.07,Operatori mici
BERZA SRL,R14975722,Predeal Sarari,2,2026.07,Operatori mici
TRANSCONT EXPEDITII SRL,R5861974,Pielesti,2,2026.07,Operatori mici
LOG LUHEI TRANS SRL,R39509191,Poienile de Sub Munte,2,2026.07,Operatori mici
ANTOCLAU SPEDITION&LOGISTIC SRL,R31790155,Salonta,2,2026.07,Operatori mici
MYC DELIVERY LOGISTIC SRL,R36605950,Priboieni,2,2026.07,Operatori mici
GGG TIR-TRANS SRL,R41736790,Ivesti,2,2026.07,Operatori mici
MYLDENI SRL,R21435806,Ramnicu Valcea,2,2026.07,Operatori mici
TRANSCARPATIN SRL,R15181916,Vaslui,2,2026.07,Operatori mici
JUMBO TRANS SRL,R6596221,Ramnicu Valcea,2,2026.07,Operatori mici
ONR LOGISTIC SRL,R50665710,Brezoi,2,2026.07,Operatori mici
ATLAS ALPIN SRL,R39529776,Voineasa,2,2026.07,Operatori mici
VERIATRANS COMPANY SRL,R30693081,Iasi,12,2026.07,Operatori medii 1
ATLAS IMOBILIARE,R22452120,CIUGUD,12,2026.07,Operatori medii 1
REBLINE SPEED S.R.L.,R33543577,IPOTE?TI,3,2026.07,Operatori mici
TGF LOGISTIC FLOR S.R.L-D,R35708990,Com. Merisani,3,2026.07,Operatori mici
SC EVELDAVY SRL,R35428388,solonetu nou,3,2026.07,Operatori mici
FLORIN&ANDREEA SRL,R21680473,IANOSDA,3,2026.07,Operatori mici
MASIFPANEL SRL,R24368027,Insuratei,3,2026.07,Operatori mici
DURIST FOREST SRL,R27920710,RM.VALCEA,3,2026.07,Operatori mici
ARTEMON PLUS SRL,R36268692,Iasi,3,2026.07,Operatori mici
HUMEL TRANS SRL,R9400876,Baia Mare,3,2026.07,Operatori mici
BRADAR TRANS SRL,R6609291,Baia Mare,3,2026.07,Operatori mici
VLADU MARIUS,R3034954,Slatina,3,2026.07,Operatori mici
KUX ACTUALITY SRL,R33888460,Medias,3,2026.07,Operatori mici
ROCADA TRANS,R16464830,Santana de Mures,3,2026.07,Operatori mici
KAYIKCIOGLU INTERNATIONAL TRANSPORT SRL,R13667376,Clinceni,3,2026.07,Operatori mici
ERDELYI FA SRL,R18246815,Gheorgheni,3,2026.07,Operatori mici
ERALLD TRANS INTERNATIONAL,R45206303,Arad,3,2026.07,Operatori mici
OCTET,R2758142,Arad,3,2026.07,Operatori mici
TOTALIBRA SRL,R19073739,Bacau,3,2026.07,Operatori mici
CDI LOGISTIC SERV SRL,R34972020,Cluj Napoca,3,2026.07,Operatori mici
VIO & RYN NORD SPEDITION S.R.L,R42224135,Sighetul Marmatiei,3,2026.07,Operatori mici
EUROCARGO SRL,R252865,Turda,3,2026.07,Operatori mici
SILCOREX SRL,R22014694,Fartatesti,3,2026.07,Operatori mici
BINLIV CONTRANS LOGISTIC SRL,R34281377,Valea Iasului,3,2026.07,Operatori mici
DANINA TRANSFORCE SRL,R31057759,Virfu Cimpului,3,2026.07,Operatori mici
IMPROMA SRL,R13680898,Fratautii Noi,3,2026.07,Operatori mici
EXODUS SRL,R8126870,Botiz,3,2026.07,Operatori mici
ONICA LOGISTIC SRL,R25555643,Batarci,3,2026.07,Operatori mici
KARIM SPEDITION LKW,R29469138,Suceava,3,2026.07,Operatori mici
VIRMUS PROD S.R.L.,R727891,Suceava,3,2026.07,Operatori mici
RAM-LUC COM SRL,R8527678,Suceava,3,2026.07,Operatori mici
CIP MELODISM,R10718416,Bacova,3,2026.07,Operatori mici
ROMALDO SRL,R9744373,Timisoara,3,2026.07,Operatori mici
ROFRES IMPEX SRL,R8810550,Oradea,3,2026.07,Operatori mici
CARAUSU COM PROD,R5347311,Liteni,3,2026.07,Operatori mici
DTZ TRANSPORT SOLUTIONS SRL,R35851808,Scheia,3,2026.07,Operatori mici
IANFAB,R32631360,Oradea,4,2026.07,Operatori mici
SC MASECO EXPRES SRL,R26994418,Suceava,4,2026.07,Operatori mici
TRANS DARO EXPRES SRL,R21274610,Sibiu,4,2026.07,Operatori mici
AGROFRUCT TARLEA,R36257740,Vicovu de Jos,4,2026.07,Operatori mici
SONRISA SRL,R24932516,Visinesti,4,2026.07,Operatori mici
ELV TRANS SRL,R20943547,Turda,4,2026.07,Operatori mici
LICURICI IMPEX SRL,R4102968,Onesti,4,2026.07,Operatori mici
PROMOTOR TRANS SRL,R7611362,Petrosani,4,2026.07,Operatori mici
TRANS COMPANY GIGI SRL,R913606,Targoviste,4,2026.07,Operatori mici
LUCAS PROFIL SRL,R28745170,Campia Turzii,4,2026.07,Operatori mici
AMBRUS PROD,R3861757,Arad,4,2026.07,Operatori mici
PALAMUTLAR ATILLA SRL,R27918141,Pitesti,4,2026.07,Operatori mici
SELEROM TRANS INTERNATIONAL SRL,R41185712,Magurele,4,2026.07,Operatori mici
FLORTEA TRANS,R32094976,Mitocu Dragomirnei,4,2026.07,Operatori mici
TIMA FRUIT SRL,R25996577,Com. Isvoarele,4,2026.07,Operatori mici
ELISEB PREUTESTI SRL,R41877500,PREUTESTI,4,2026.07,Operatori mici
GIO EURO TRANSPORT SRL,R42043295,ORAS PANTELIMON,4,2026.07,Operatori mici
CAO TRANS SRL,R39809105,SAT SCOPOSENI,4,2026.07,Operatori mici
ROGRIALTRANS SPEDITION SRL,R32453336,Rosu,5,2026.07,Operatori mici
PATRIC TRANS S.R.L,R7695487,Galati,5,2026.07,Operatori mici
ENE TRANSCOM LOGISTIK SRL,R29183747,Bradu,5,2026.07,Operatori mici
ALM SCAR TRUCK SRL,R35928030,Bilciuresti,5,2026.07,Operatori mici
AGM TOTAL SPED SRL,R35395531,Dragodana,5,2026.07,Operatori mici
MSM IMPORT EXPORT SRL,R19243612,Cluj Napoca,5,2026.07,Operatori mici
UDG EVOLUTION TRANSPORT,R41873665,Poarta Alba,5,2026.07,Operatori mici
SUCEAVA NETWORK SRL,R28928275,Suceava,5,2026.07,Operatori mici
AUTOLUGOJANA,R1845690,Lugoj,5,2026.07,Operatori mici
NUNUCU TRANSPORTE SRL,R39144060,Milisauti,6,2026.07,Operatori mici
PROPANDA SRL,R6872670,Radauti,6,2026.07,Operatori mici
LAND STAR CARGO SRL,R43420237,Oradea,6,2026.07,Operatori mici
SIMY BEST TRANS SRL,R23522038,Popesti Leordeni,6,2026.07,Operatori mici
TIACOMROM SRL,R17976161,Alesd,6,2026.07,Operatori mici
NICOR TRANSLOGSERVICE SRL,R22390346,Iasi,6,2026.07,Operatori mici
STEEL BEAR SERVICES SRL,R39306979,Iasi,7,2026.07,Operatori mici
KA-MA KARGO TRANS SRL,R42045024,Iasi,7,2026.07,Operatori mici
ANSIAN GROUPTRANSPORT SRL,R42438333,Baia de Fier,7,2026.07,Operatori mici
TAVI SPEED COMPLET SRL,R36425010,Pitesti,7,2026.07,Operatori mici
TRANSPECIAL MOVING,R38682347,Marghita,7,2026.07,Operatori mici
CIOTCARGO SRL,R35226281,Vaslui,7,2026.07,Operatori mici
SAV TIR TRANS SRL,R44502777,Vaslui,8,2026.07,Operatori mici
EXPEDITII RUTIERE SRL,R8300011,Zarnesti,8,2026.07,Operatori mici
AMEDEEA ACCOMODATION SRL,R38726834,Timisoara,8,2026.07,Operatori mici
STEF SI REBECA TRANS,R32029080,Gaesti,8,2026.07,Operatori mici
GROSS TRANSPORT SRL,R21273852,Iasi,8,2026.07,Operatori mici
TRANS AGRO SRL,R13689803,Targu Mures,8,2026.07,Operatori mici
PACKAGE SPEDITION SRL,R27207572,SAT BAGAU,8,2026.07,Operatori mici
DOBRE IT FLORIN INTREPRINDERE INDIVIDUALA,R26118671,Dor Marunt,9,2026.07,Operatori mici
HOLLAND COLD TRANS IMPEX SRL,R13991088,Gioseni,9,2026.07,Operatori mici
EVERY DAY PROD-COM,R7785962,Fratautii Vechi,9,2026.07,Operatori mici
BOLK TRANSPORT SRL,R25103940,Luna de Sus,10,2026.07,Operatori medii 1
ROMSPEDITION SRL,R15454943,Targoviste,10,2026.07,Operatori medii 1
GRUP BIANCA TRANS S.A.,R18846755,Brasov,10,2026.07,Operatori medii 1
SENSOIL SISTEM SRL,R26385946,Constanta,10,2026.07,Operatori medii 1
DANBY TRANS SRL,R28038722,Valea Mare,10,2026.07,Operatori medii 1
GORDIUS SRL,R3896143,Satu Mare,11,2026.07,Operatori medii 1
TRANS LIGIUS S.R.L.,R26254525,Beregsau Mic,11,2026.07,Operatori medii 1
KOPPANYI TRANS SRL,R36906383,Tileagd,12,2026.07,Operatori medii 1
ORIZONT SIGHETU MARMATIEI SRL,R2204805,Sighetul Marmatiei,12,2026.07,Operatori medii 1
DANCLEAN FRESH SRL,R24440980,Harsova,11,2026.07,Operatori medii 1
PREFAB SA - PUNCT DE LUCRU JUD CALARASI,R1916198,Calarasi,11,2026.07,Operatori medii 1
ROMARIS,R13658530,Targu Mures,11,2026.07,Operatori medii 1
VIATERRA EXPEDITII SRL,R29188116,Deva,11,2026.07,Operatori medii 1
OLINT COM SRL,R7918740,Radauti,12,2026.07,Operatori medii 1
VIVAT CONSTRUCT,R5111727,Scheia,2,2026.07,Operatori mici
EDUTRANS LOGISTIC SRL,R33939823,Stulpicani,2,2026.07,Operatori mici
ABSOLUT GROUP,R11778220,Siret,2,2026.07,Operatori mici
ELATRANS SRL,R18879620,Siret,2,2026.07,Operatori mici
MARVIO SPEED SRL,R27448503,Gura Humorului,2,2026.07,Operatori mici
COPECAR SRL,R31536581,Liteni,2,2026.07,Operatori mici
SAM-BYAN SRL,R28523573,Fratautii Vechi,2,2026.07,Operatori mici
OMEX,R2719879,Oradea,2,2026.07,Operatori mici
MASTERPLAST ROMANIA SRL,R13718003,Oradea,2,2026.07,Operatori mici
CROITEX,R5501886,Oradea,2,2026.07,Operatori mici
IN TIME CARGO.RO,R35482255,Lugoj,2,2026.07,Operatori mici
BPB PLAST SRL,R18425241,Timisoara,2,2026.07,Operatori mici
KENDRA GROUP SRL,R6825686,Timisoara,2,2026.07,Operatori mici
RESA,R12239258,Timisoara,2,2026.07,Operatori mici
BOBDA-ROM,R4248093,Timisoara,2,2026.07,Operatori mici
BLABLA EUROTRANS SRL,R37322706,Suceava,2,2026.07,Operatori mici
PETFLOR TRANS SRL,R23979243,Suceava,2,2026.07,Operatori mici
POLI-TEHNIC GROUP.SRL,R18996884,Suceava,2,2026.07,Operatori mici
MODANAR EXPRES SRL,R41918066,Siret,2,2026.07,Operatori mici
MIR-TRANS SPEDITION S.R.L.,R15789523,Suceava,2,2026.07,Operatori mici
DEMETRIS,R13491228,Suceava,2,2026.07,Operatori mici
MOBICOM SA,R644184,Satu Mare,2,2026.07,Operatori mici
DINIVIO,R14541049,Balcauti,2,2026.07,Operatori mici
RADU SIBTRANS SRL,R40233889,Orlat,2,2026.07,Operatori mici
TOTAL TDC SRL,R28220413,Sibiu,2,2026.07,Operatori mici
JINARUL SRL,R2683783,Sibiu,2,2026.07,Operatori mici
VIVA TRANS SRL,R13654465,Zalau,2,2026.07,Operatori mici
LINTEROM CARGO,R32449734,Calafindesti,2,2026.07,Operatori mici
ADE-ECOSERV SRL,R23131773,Harsova,2,2026.07,Operatori mici
DANAMARI SRL,R13950681,Seini,2,2026.07,Operatori mici
SORIN&GABI TRANSCOM SRL,R31743056,Petrechioaia,2,2026.07,Operatori mici
MARGINEANA,R7927994,Nadab,2,2026.07,Operatori mici
HP ATAMAN TRANS EURO SRL,R37025969,Vaslui,2,2026.07,Operatori mici
ORTONA EXPRES SRL,R21603381,Dragasani,2,2026.07,Operatori mici
IZAOVITRANS ANDREEA SRL,R32541004,Ovidiu,2,2026.07,Operatori mici
TOPDRICE EXPRES SRL,R42547888,Malu Mare,2,2026.07,Operatori mici
CAMIMAR SRL,R16936851,Stei,2,2026.07,Operatori mici
NESTALA PROD COM SRL,R8719452,Valenii de Munte,2,2026.07,Operatori mici
DOMENIUL COROANEI SEGARCEA SRL,R15022473,Segarcea,2,2026.07,Operatori mici
GEORDINA IMPEX,R4640649,Batar,2,2026.07,Operatori mici
APETRI ANDREEA GABRIELA INTREPRINDERE  INDIVIDUALA,R29538262,Mihaileni,2,2026.07,Operatori mici
ZOLACT INTERPRISE SRL,R18197496,Horodniceni,2,2026.07,Operatori mici
TUTU COMPANY SRL,R2821002,Comanesti,2,2026.07,Operatori mici
AMO UNLIMTED TRANS,R42606313,Zvoristea,2,2026.07,Operatori mici
LUPFAN TRANS SRL,R25918668,Zvoristea,2,2026.07,Operatori mici
MOLDOTRANS SRL,R2672814,Deva,2,2026.07,Operatori mici
TROPICAL SRL,R8873973,Joseni,2,2026.07,Operatori mici
TITANIC TRANS SRL,R21407431,Targoviste,2,2026.07,Operatori mici
ACMTRANSPORT SRL,R41467756,Galati,2,2026.07,Operatori mici
HOLDER TRANS SRL,R25138263,Galati,2,2026.07,Operatori mici
COSTRANS CAR SRL,R17507408,Galati,2,2026.07,Operatori mici
MONBAT RECYCLING S.R.L.,R21538860,Pantelimon,2,2026.07,Operatori mici
FDR MODUL TRANNSPORTURI SRL,R32432490,Dobroesti,2,2026.07,Operatori mici
COSMADOR AUTOSERV SRL,R5916891,Afumati,2,2026.07,Operatori mici
INTER TOURS SRL,R1207153,Targu Mures,2,2026.07,Operatori mici
ALLSTAR PROD SRL,R6626276,Targu Mures,2,2026.07,Operatori mici
CONSERVFRUCT S.R.L.,R4998460,Baltatesti,2,2026.07,Operatori mici
ISORCOM,R11152683,Piatra Neamt,2,2026.07,Operatori mici
GEOVALI TRANS SRL,R24374274,Cocorastii Mislii,2,2026.07,Operatori mici
RAITRUCK  SOLUTIONS SRL,R43321560,Iasi,2,2026.07,Operatori mici
TRANSCOM FIII FULGERULUI,R1240931,Reghin,2,2026.07,Operatori mici
PRISMIX SPEDITION SRL,R34113063,Cluj Napoca,2,2026.07,Operatori mici
ANGELINO SPEDITION SRL,R41654070,Constanta,2,2026.07,Operatori mici
BLACK SEA CROWN LOGISTIC SRL,R27859053,Constanta,2,2026.07,Operatori mici
BRUTARU SRL,R912309,Targoviste,2,2026.07,Operatori mici
RITCOM SRL,R6372151,Dorohoi,2,2026.07,Operatori mici
PAINICH TRANS SRL,R10094401,Livada de Bihor,2,2026.07,Operatori mici
HORATIU SRL,R568109,Livezile,2,2026.07,Operatori mici
OLYCON-FOREST,R21584395,Botosani,2,2026.07,Operatori mici
GIUMBY TRANS S.R.L,R20630671,Botosani,2,2026.07,Operatori mici
GAVONI SRL,R15969079,Borod,2,2026.07,Operatori mici
BONIFAC EXIM SRL,R5343948,Alparea,2,2026.07,Operatori mici
DUO GROUP SRL,R7364777,Arad,2,2026.07,Operatori mici
ALTOBELLI SPEED TRANS,R35295451,Arad,2,2026.07,Operatori mici
CARGO SPEED DANESCU SRL,R31415350,Pitesti,2,2026.07,Operatori mici
APULUM SA,R1758381,Alba Iulia,2,2026.07,Operatori mici
ADEMA TRANS SRL,R15107502,MIHESU DE CAMPIE,2,2026.07,Operatori mici
WONDER FOODS SRL,R33927977,VOLUNTARI,2,2026.07,Operatori mici
EPINEX SRL,R429720,Giuvaz,2,2026.07,Operatori mici
TERRA PLAST SRL,R16592022,Lunca,2,2026.07,Operatori mici
BABU TRANS SRL,R23405224,Soporu de Campie,2,2026.07,Operatori mici
ECADOR SRL,R14055375,COMUNA FRATAUTII NOI,2,2026.07,Operatori mici
VALSTROE COMPANY,R31237156,crivatu,2,2026.07,Operatori mici
PATRU FÂNTÂNI S.R.L,R17560134,Cepari,2,2026.07,Operatori mici
GOLD MARI 2013 SRL,R31396410,Racsa,2,2026.07,Operatori mici
RADO KARGO TRANS SRL,R33245643,COM TUGLUI NR851,2,2026.07,Operatori mici
LYOSPEDITION SRL,R21877344,BENGESTI-CIOCADIA,3,2026.07,Operatori mici
NICOLSERV AUTOCENTER SRL,R31585894,VESTEM,3,2026.07,Operatori mici
ABELVENT-TRANS SRL,R15261691,com. Ocland,3,2026.07,Operatori mici
TRANS SANEDO SRL,R8490250,Pitesti,3,2026.07,Operatori mici
YU-BY SRL,R12357849,Botosani,3,2026.07,Operatori mici
VEANDREGABY TRANS SRL,R36010714,Bucecea,3,2026.07,Operatori mici
MIH TSD TRANS SRL,R15746212,Cluj Napoca,3,2026.07,Operatori mici
INCOGNITO PRODIMPEX SRL,R245019,Cluj Napoca,3,2026.07,Operatori mici
VESNA GC SRL,R25871352,Cluj Napoca,3,2026.07,Operatori mici
BIO PAK S.R.L.,R14912040,Baia Mare,3,2026.07,Operatori mici
JULIA FLORES TEAM SRL,R33835270,Afumati,3,2026.07,Operatori mici
UNIVERSAL SOLTRANS 81 SRL,R39903810,Galati,3,2026.07,Operatori mici
EUGCOS TRANS SPEED SRL,R42974854,Galati,3,2026.07,Operatori mici
SPORT BRANDS DISTRIBUTION SRL,R33918111,Deva,3,2026.07,Operatori mici
TRANS CVR EMILIANOS SRL,R14252296,Tilisca,3,2026.07,Operatori mici
KIRMIZI TRANSPORT SRL,R45266429,Topoloveni,3,2026.07,Operatori mici
CRONA COM SRL,R6704684,Focsani,3,2026.07,Operatori mici
MARBOTRANS SRL,R10324659,Sabisa,3,2026.07,Operatori mici
GLSP RUNC SRL,R33373251,Campulung Moldovenesc,3,2026.07,Operatori mici
ZDROB CODRINA,R3905381,Campulung Moldovenesc,3,2026.07,Operatori mici
GEO-JUCAN TRANSCOM,R9593572,Casvana,3,2026.07,Operatori mici
FRIO SUR SRL,R38761319,Negresti Oas,3,2026.07,Operatori mici
LUC&PAU SPEED,R45205510,Paulesti,3,2026.07,Operatori mici
ROM FRACHT SRL,R8439215,Bucuresti,3,2026.07,Operatori mici
KREIA SPED,R34005134,Suceava,3,2026.07,Operatori mici
ESO - CRIS TRANS SRL,R23947152,Suceava,3,2026.07,Operatori mici
TRANS ADI SRL,R23025276,Suceava,3,2026.07,Operatori mici
IULGAB BUILDING SRL,R18446660,Timisoara,3,2026.07,Operatori mici
INA-TRANS 2015 SRL-D,R34778733,Timisoara,3,2026.07,Operatori mici
ECHOTAX SERV SRL,R5397395,Oradea,3,2026.07,Operatori mici
FAN TOTAL TRANS S.R.L.,R25047556,Siret,3,2026.07,Operatori mici
DINICU TRANS,R5432069,Radauti,3,2026.07,Operatori mici
PREMIER TRANSPORT AUTO SRL,R29546133,Slobozia,12,2026.07,Operatori medii 1
MAGOGLOBAL SRL,R32635516,Satu Mare,4,2026.07,Operatori mici
KORB-TRANS,R15082670,Hunedoara,4,2026.07,Operatori mici
TRANDY SRL,R22389333,Galati,4,2026.07,Operatori mici
TUR CENTO TRANS SRL,R14881539,Badacin,4,2026.07,Operatori mici
RADU TUR-S.R.L.,R17285891,Piatra Neamt,4,2026.07,Operatori mici
DUMCRY ELYART,R33543402,Darabani,4,2026.07,Operatori mici
RAMESA INVEST SRL,R26042697,Oradea,4,2026.07,Operatori mici
ASFOR SRL,R11785499,Milisauti,4,2026.07,Operatori mici
VALYDAS TRANS SRL,R17004449,Milisauti,4,2026.07,Operatori mici
MARMELIS TRANS,R7358481,Lugoj,4,2026.07,Operatori mici
AUTO VAT SRL,R30006102,Jebel,4,2026.07,Operatori mici
MIMAGI SRL,R18022192,Timisoara,4,2026.07,Operatori mici
VIOVALI IMPEX,R9633642,Suceava,4,2026.07,Operatori mici
ROYAL TRANS SRL,R13362657,Bucuresti,4,2026.07,Operatori mici
BENETRANS COM SRL,R12637156,Halmeu,4,2026.07,Operatori mici
BANY TRANS SRL,R7102466,Zalau,4,2026.07,Operatori mici
DELTA MOBIL SERVICE SRL,R7629440,Seredeiu,4,2026.07,Operatori mici
NIM TRANS SRL,R8255247,Moinesti,4,2026.07,Operatori mici
ABC 2000 SRL,R12505112,Milcoiu,4,2026.07,Operatori mici
COM DUMBRAVA S.R.L.,R2338840,Filiasi,4,2026.07,Operatori mici
DMI INTERTRANS SRL,R29055691,Turda,4,2026.07,Operatori mici
ECRIN SPEED LOGISTIK SRL,R40004133,Talmaciu,4,2026.07,Operatori mici
BELLA DONA COM SRL,R767055,Galanesti,4,2026.07,Operatori mici
VARGAS SRL,R6264010,Zlatna,4,2026.07,Operatori mici
SC.AGROCOM LCD SRL,R33393127,SIEU  ODORHEI,4,2026.07,Operatori mici
TEO-CRIS LOGISTIC SRL,R33913114,Slobozia Conachi,4,2026.07,Operatori mici
CROWN FLOUR MILLS SRL,R13020425,Stefan Cel Mare,4,2026.07,Operatori mici
RAUL SI DAV TRANS SRL,R21366757,COM. POPESTI,4,2026.07,Operatori mici
LM MARKETING PROJECT SRL,R29220926,SMIRDAN,5,2026.07,Operatori mici
CONMARGIS SRL,R37163260,STROIESTI SUCEAVA,5,2026.07,Operatori mici
ALUMARI TRANS,R17330917,Raciu,5,2026.07,Operatori mici
ZALMOXIS GLOBAL CONCEPT SRL,R40300090,Copaceni,5,2026.07,Operatori mici
SORTABI TRANS SRL,R33155869,Volovat,5,2026.07,Operatori mici
STAR-ARIF TRANSPORT,R45287596,Tileagd,5,2026.07,Operatori mici
PROADOMINIK TRANS LOGISTIC SRL,R30719165,Marasesti,5,2026.07,Operatori mici
BISS DAN TRANS,R27430557,Nadlac,5,2026.07,Operatori mici
AMIAM LOGISTIC SRL,R21451119,Suceava,5,2026.07,Operatori mici
GABRIEL DELIVERY LOGISTIQUE S.R.L.,R44015321,Suceava,5,2026.07,Operatori mici
SONAMI SPEED,R35860261,Suceava,5,2026.07,Operatori mici
ROMOTRANS,R1813982,Timisoara,5,2026.07,Operatori mici
ZAT TRANSPORT SRL,R42079760,Babeni,5,2026.07,Operatori mici
GABELI TRANS SRL,R24385940,Oradea,5,2026.07,Operatori mici
TRANS DORIAN,R16250887,Radauti,5,2026.07,Operatori mici
MYVTRANS INTERNATIONAL CO LTD,R3806698,Targoviste,5,2026.07,Operatori mici
TIMONELA TRANS,R10513143,Borod,5,2026.07,Operatori mici
SZIRBE SRL,R8282071,Baia Mare,5,2026.07,Operatori mici
MARDAN AUTO EXPRESS 87SRL,R38472531,Galati,5,2026.07,Operatori mici
PEGA - TRANS SRL,R18765855,Targoviste,5,2026.07,Operatori mici
MOXICO TRADE SRL,R26905852,Danesti,5,2026.07,Operatori mici
VLANIS INTERNATIONAL,R31135172,Chiajna,5,2026.07,Operatori mici
SILVICOM IMPEX 95 SRL,R7592910,Gruiu,5,2026.07,Operatori mici
ELADOR IMPEX,R9910662,Cornetu,5,2026.07,Operatori mici
MAXFASTTRANS SRL,R49003840,Dascalu,6,2026.07,Operatori mici
MEGATRANS SRL,R14116910,Cristesti,6,2026.07,Operatori mici
IDEAL TRANS,R18925476,Floresti,6,2026.07,Operatori mici
FIRST BIZ SRL,R36155863,Constanta,6,2026.07,Operatori mici
VLAHONIC SERV SRL,R28104060,Botosani,6,2026.07,Operatori mici
SPRINT ACX LOGISTIC EUROPEAN SRL,R27773148,Bucuresti,6,2026.07,Operatori mici
GIORDI TRANS SRL,R14988951,Micesti,6,2026.07,Operatori mici
ANASERGIU TRANSPORT SRL,R37080114,Budesti,6,2026.07,Operatori mici
SZ.G.TRANS.S.R.L.,R15490105,Vlahita,6,2026.07,Operatori mici
EDITRANS,R18746365,Ramnicu Valcea,7,2026.07,Operatori mici
FILTRANS SRL,R4882529,Bacau,7,2026.07,Operatori mici
WOLF TRANS SRL,R20124569,Arad,7,2026.07,Operatori mici
DANCOS GALAXY TRANS SRL,R33435087,Boteni,7,2026.07,Operatori mici
MARATRANS SA,R2206300,Baia Mare,7,2026.07,Operatori mici
FATIH ZIRVE TRANS SRL,R29306017,Bragadiru,7,2026.07,Operatori mici
ENERGOCARB SERV SRL,R27306339,Motru,7,2026.07,Operatori mici
GOLD TI CENTER SRL,R38643321,ADANCATA,7,2026.07,Operatori mici
SC COCORUL NEGRU SRL,R27717270,IZVOARE,7,2026.07,Operatori mici
OBERMAIR SONDERTRANSPORTE SRL,R26894087,Cluj Napoca,8,2026.07,Operatori mici
LAMINCEA IMPEX SRL,R8569150,Craiova,9,2026.07,Operatori mici
BB CIV SCANDINAVIA SRL,R34140084,Stefanestii de Jos,9,2026.07,Operatori mici
LES SIENS CARGO SRL,R39741875,Calafindesti,9,2026.07,Operatori mici
INTER TRANS SRL,R6902312,Simleul Silvaniei,10,2026.07,Operatori medii 1
CRISTIANA EVENTS SRL,R40267725,SIGHETU MARMATIEI,10,2026.07,Operatori medii 1
ANGELS TRANSPORT SRL,R17898756,Slobozia Conachi,11,2026.07,Operatori medii 1
VECTOR EXPRESS SRL,R28655698,Branesti,11,2026.07,Operatori medii 1
MIMI&RIC SPEDITION SRL,R39373897,Baia Mare,11,2026.07,Operatori medii 1
SC ARAGON SRL,R22459528,Medias,11,2026.07,Operatori medii 1
VADIS PROD SRL,R4883567,Borod,11,2026.07,Operatori medii 1
CRISTI COM TRANS,R5530792,Arad,3,2026.07,Operatori mici
DELTA PLUS TRADING SRL,R6865630,Pitesti,3,2026.07,Operatori mici
RED FAST SPEDITION,R36764408,Pitesti,3,2026.07,Operatori mici
TRANS MANAGEMENT & CONSULTING SRL,R21957400,Constanta,3,2026.07,Operatori mici
BAT MEDIAS SA,R2580508,Medias,3,2026.07,Operatori mici
BRAVO INTERSPEED SRL,R29455272,Paulesti,3,2026.07,Operatori mici
FAGETAN TRANSCOM SRL,R4027645,Tarnaveni,3,2026.07,Operatori mici
LIDER IMEX S.R.L,R4274823,Tarnaveni,3,2026.07,Operatori mici
SOMA TRANS SRL,R16389266,Sovata,3,2026.07,Operatori mici
SOLOMON PRODCOM SRL,R2609167,Sangeorgiu de Mures,3,2026.07,Operatori mici
ROCADA SERV SRL,R7730770,Santana de Mures,3,2026.07,Operatori mici
NORDICA SRL,R6178504,Odorheiu Secuiesc,3,2026.07,Operatori mici
TESLARIU TRANSPORT SRL,R34833404,Glina,3,2026.07,Operatori mici
CHIRANA SERV,R7232806,Slobozia,3,2026.07,Operatori mici
EMER COM SRL,R500596,Delnita,3,2026.07,Operatori mici
ALPINFACT SRL,R4795414,Joseni,3,2026.07,Operatori mici
SIMCOM FLORA,R3191193,Hateg,3,2026.07,Operatori mici
LACONIC GRUP,R7254634,Bosanci,3,2026.07,Operatori mici
CTT CEREALS TRADING & TRANSPORT SRL,R30361597,Satu Mare,3,2026.07,Operatori mici
LOREDANA SRL,R2562706,Radauti,3,2026.07,Operatori mici
MASTER EXPEDITII SI TRANSPORTURI INTERNATIONALE SRL,R13909640,Oradea,3,2026.07,Operatori mici
SUPERLATIV COM SRL,R8974480,Gura Humorului,3,2026.07,Operatori mici
VASY-TRANS SRL,R19148670,Peciu Nou,3,2026.07,Operatori mici
TRANS RAMAR SRL,R17240555,Giroc,3,2026.07,Operatori mici
ASACOM SPEDITION SRL,R25746090,Margineni,3,2026.07,Operatori mici
BLASOVA SRL,R2548132,Mateesti,3,2026.07,Operatori mici
START-KING SRL,R13124957,Nicolae Balcescu,3,2026.07,Operatori mici
EUROCONSTANTIN S.R.L.,R8975914,Focsani,3,2026.07,Operatori mici
TALURO TRANS SRL,R15185241,Focsani,3,2026.07,Operatori mici
GIPANCISERV SRL,R23775634,Focsani,3,2026.07,Operatori mici
BUCHEN ICS ROMANIA SRL,R18751060,Stefanesti,3,2026.07,Operatori mici
FORCE QUATTRO SRL,R38255176,Oinacu,3,2026.07,Operatori mici
LIPANICUDAN TRANS SRL,R29337706,Targu Bujor,3,2026.07,Operatori mici
ANG CATALIN TRANS DIVERS SRL,R39232219,Vanatorii Mici,3,2026.07,Operatori mici
SC GOKKAR TRANSPORT SRL,R50330536,Rosu,3,2026.07,Operatori mici
HIRGAU PROD COM SRL,R8576662,FORASTI,4,2026.07,Operatori mici
LUP TRANS SRL,R15789671,Zvoristea,4,2026.07,Operatori mici
AGROLINEVOL SRL,R33184953,Volovat,4,2026.07,Operatori mici
RAZVIMAR TRANS SRL,R24050804,Valenii de Munte,4,2026.07,Operatori mici
DANEMA SPECIAL TRANSPORT SRL,R27454467,Turda,4,2026.07,Operatori mici
ROYAL GROUP LOYALTY SRL,R37731603,Ramnicu Valcea,4,2026.07,Operatori mici
ALERTRUK SRL.,R28209873,Suceava,4,2026.07,Operatori mici
DORIMAR SPEED SRL,R29074138,Suceava,4,2026.07,Operatori mici
LAVIDAS SRL,R14725483,Milisauti,4,2026.07,Operatori mici
ROUTE R TRANS SRL,R13270448,Oradea,4,2026.07,Operatori mici
SEGA TRADE,R6908900,Salcea,4,2026.07,Operatori mici
DERALMAT SRL,R27903400,Saru Dornei,4,2026.07,Operatori mici
ANDSPEEDMAR TRANS SRL,R26797130,Baia de Fier,4,2026.07,Operatori mici
CABLETEAM S.R.L.,R15193724,Sighisoara,4,2026.07,Operatori mici
FOLTEA SRL,R16190840,Dulcesti,4,2026.07,Operatori mici
PRODCOMBUST SRL,R6759540,Scornicesti,4,2026.07,Operatori mici
MHC STYL S.R.L.,R18041534,Dej,4,2026.07,Operatori mici
IO-TRANS SRL,R15070632,Suta Seaca,4,2026.07,Operatori mici
BENY LINK IMPEX SRL,R17265428,Motaieni,4,2026.07,Operatori mici
COSTACHE MLI TRANS,R17299781,Lucieni,4,2026.07,Operatori mici
DALI DIVERS TOP LOGISTIC SRL,R33675322,Buzoesti,4,2026.07,Operatori mici
BERGTRANS GROUPE,R33887767,Arad,4,2026.07,Operatori mici
SSAB-AG SRL,R2816022,Bacau,5,2026.07,Operatori mici
ARFUNGO COMIMPEX,R5223968,Luncsoara,5,2026.07,Operatori mici
LENEL TRANS SRL,R5613723,Medias,5,2026.07,Operatori mici
ADESTON S.R.L.,R34351936,Cristesti,5,2026.07,Operatori mici
ADRI&VIVI SRL,R28551263,Ceuasu de Cimpie,5,2026.07,Operatori mici
MAVERIS SRL,R24050421,Iasi,5,2026.07,Operatori mici
BUSSO LOGISTIKA TRANS SRL,R28015303,Craiova,5,2026.07,Operatori mici
IURAIM TRANS SRL,R30420529,Oradea,5,2026.07,Operatori mici
CONTRADA SRL,R15736073,Oradea,5,2026.07,Operatori mici
SC GMD TIME SRL,R37686359,Oradea,5,2026.07,Operatori mici
OROS TRANS SRL,R22228914,Huta Certeze,5,2026.07,Operatori mici
DAB CARGO S.R.L.,R19753530,Ramnicu Valcea,5,2026.07,Operatori mici
PAN CARMEL IMPEX SRL,R2882247,Gilau,5,2026.07,Operatori mici
VIZOL,R14066340,Suncuius,5,2026.07,Operatori mici
ALTRACE IMPEX SRL,R3718251,Sitani,5,2026.07,Operatori mici
TRANS FAG SRL,R13924232,GURA RAULUI,5,2026.07,Operatori mici
B&C LOGISTIC,R33805694,SPATARESTI,5,2026.07,Operatori mici
TEO SPRINTER SRL,R27629640,"COM.PUI, OHABA-PONOR,NR 27",6,2026.07,Operatori mici
HAVA SPEED TRANS SRL,R31640182,VALCELE,6,2026.07,Operatori mici
ESSEA EUROPA SRL,R20493965,TURT / SATU MARE,6,2026.07,Operatori mici
DEAC LOGITRANS  SRL,R23327959,Com. BATARCI,6,2026.07,Operatori mici
NRG COMPANY SRL,R22417646,Vidra,6,2026.07,Operatori mici
MATIAS SPEED SRL,R36730502,Galicea,6,2026.07,Operatori mici
BATIR RO SRL,R41024325,Batarci,6,2026.07,Operatori mici
ANY & IONUT TRANS SRL,R32618795,Marginea,6,2026.07,Operatori mici
MUND OIL S.R.L.,R19219738,Galati,6,2026.07,Operatori mici
DAFMAN TRANS SRL,R6859832,Baia Mare,6,2026.07,Operatori mici
EMIVAS SRL,R14384769,Baia Mare,6,2026.07,Operatori mici
TRANSPORT CHIRILA SRL,R13969870,Piatra Neamt,6,2026.07,Operatori mici
SPRINT CARGO SRL,R28369068,Constanta,6,2026.07,Operatori mici
WORLD SPEED 2010 SRL,R26302169,Arad,7,2026.07,Operatori mici
NEMESIS SRL,R2182413,Novaci,7,2026.07,Operatori mici
RUSU TRANSPORT SRL,R13185814,Calimanesti,7,2026.07,Operatori mici
GAVRIS TRANSPORT SRL,R27648285,Livada,7,2026.07,Operatori mici
TRAGEN BOTA S.R.L.,R11745338,Mocira,8,2026.07,Operatori mici
THERMO TRANZIT SRL,R32567055,Milisauti,8,2026.07,Operatori mici
ANTONIO IUSTINIAN SRL,R42704222,Siret,8,2026.07,Operatori mici
PROFISPED SRL,R32321149,Suceava,8,2026.07,Operatori mici
GEORGEXPRES,R13667368,Dumbraveni,8,2026.07,Operatori mici
A & E DINOEM TRANS SRL,R29242746,Baia de Fier,8,2026.07,Operatori mici
SAFE GUARD SPEDITION SRL,R36571245,Arad,8,2026.07,Operatori mici
ADMAR INTEREXPRES SRL,R37554021,Pitesti,8,2026.07,Operatori mici
SUPREMIA GRUP SRL,R5066472,Alba Iulia,8,2026.07,Operatori mici
VULTURII TRANS SRL,R9536062,Popesti,8,2026.07,Operatori mici
FAMIZ ESPERA SRL,R24523112,Pite?ti,9,2026.07,Operatori mici
WEST CAR SRL,R15292957,Ocna Mures,9,2026.07,Operatori mici
BERACA SAD TRANS SRL,R42556223,Bacau,10,2026.07,Operatori medii 1
CXS TRANS 92 SRL,R35413476,Baia de Fier,11,2026.07,Operatori medii 1
KBS TRANS HOLDING SRL,R26094645,Odorheiu Secuiesc,11,2026.07,Operatori medii 1
TROSIL SRL,R18608478,OR?OVA,11,2026.07,Operatori medii 1
VAS-OIL TRANS SRL,R30873635,Radauti,12,2026.07,Operatori medii 1
LULU SPEED SRL,R34927665,Suceava,4,2026.07,Operatori mici
HOLDER TRADE SRL,R7188786,Baia,4,2026.07,Operatori mici
METRONOM B S.R.L.,R6420178,Timisoara,4,2026.07,Operatori mici
HANITRANS INTERNATIONAL,R14606482,Timisoara,4,2026.07,Operatori mici
ACILA SRL,R11144737,Timisoara,4,2026.07,Operatori mici
TRANS NICU SRL,R33163829,Falticeni,4,2026.07,Operatori mici
TOP TRUCK SRL,R15115149,Sasar,4,2026.07,Operatori mici
PPC BEST LOGISTIC SRL,R40391200,Tuzla,4,2026.07,Operatori mici
M & G TRANS SRL,R3321633,Peris,4,2026.07,Operatori mici
OCTAV ALEX TRANS SRL,R23690538,Targoviste,4,2026.07,Operatori mici
ONIGA INTERNATIONAL TRANSPORT SRL,R6076970,Baia Mare,4,2026.07,Operatori mici
TSV PETROL SPEDITION SRL,R34836575,Chisineu Cris,4,2026.07,Operatori mici
TRANSCOM INVESTEMENT S.R.L.,R17042000,Pitesti,4,2026.07,Operatori mici
ORIZONT EUROTRANS SRL,R25679684,Constanta,4,2026.07,Operatori mici
AGROSTY SRL,R16907678,Abram,4,2026.07,Operatori mici
FORPENT-EST SRL,R14612638,Muresenii Bargaului,4,2026.07,Operatori mici
MARPEDA  TRANS SRL,R27885087,Municipiul Sighetu Marmatiei,4,2026.07,Operatori mici
GIPIS SRL,R14601540,BEIDAUD,4,2026.07,Operatori mici
LUXURYBRIDE,R33781811,Mitocul Dragomirnei,5,2026.07,Operatori mici
TACHE LOGISTIC S.R.L,R50431530,CHIRCA,5,2026.07,Operatori mici
CLOVER GROUP SRL,R18039526,Arad,5,2026.07,Operatori mici
TRANSPORT LOGISTIC AP SRL,R41920309,Lapusel,5,2026.07,Operatori mici
VLADISOR SRL,R16096126,Galati,5,2026.07,Operatori mici
AUREL TRANS SRL,R16701529,Bodnareni,5,2026.07,Operatori mici
RENTAL TRANSIMPEX SRL,R3765369,Huedin,5,2026.07,Operatori mici
VERY TRANS SRL,R19050700,Lancram,5,2026.07,Operatori mici
PRO BUSINESS LOGISTIC SRL,R38632543,Costesti,5,2026.07,Operatori mici
CRIS&CRIS,R17816470,Crucisor,5,2026.07,Operatori mici
TRANS SAVIUC S.R.L.,R31461705,Balcauti,5,2026.07,Operatori mici
FLORENTINA&IULI SRL,R31041116,Radauti,5,2026.07,Operatori mici
OPEN TRANS,R5178069,Sfantu Ilie,5,2026.07,Operatori mici
RAL CARGO,R22664425,Oradea,6,2026.07,Operatori mici
TRANS BAV SRL,R27963819,Timisoara,6,2026.07,Operatori mici
ERDEI TRANS SRL,R9781711,Satu Mare,6,2026.07,Operatori mici
TDS TRANS S.R.L.,R21814540,Ortisoara,6,2026.07,Operatori mici
MERT S.A.,R10334458,Afumati,6,2026.07,Operatori mici
AVENTUS SRL,R37154254,Berceni,6,2026.07,Operatori mici
ANDREEA TRANS COM SRL,R18213109,Cornetu,6,2026.07,Operatori mici
MONDO-LOGISTIC S.R.L,R17121791,Arad,6,2026.07,Operatori mici
SRD GALAXY EXPEDITION,R26879800,Agigea,6,2026.07,Operatori mici
NEW SILVA SRL,R29356724,Gaesti,6,2026.07,Operatori mici
TUTTO TRANS INTERNATIONAL SRL,R20605961,BOTOSANITA MARE,6,2026.07,Operatori mici
ANDALIN BEST SRL,R29179614,ADANCATA,7,2026.07,Operatori mici
TEAM WORK AIRCARGO SERVICE SRL,R44033131,Cluj Napoca,7,2026.07,Operatori mici
PRO SPERANTA 2002 S.R.L.,R6747677,Pitesti,7,2026.07,Operatori mici
COMPANY DRUMPOD MEC SRL,R10472345,Bascov,7,2026.07,Operatori mici
BOCANII,R8965210,Hateg,7,2026.07,Operatori mici
EXE LOGISTIC SRL,R36394860,Ramnicu Valcea,7,2026.07,Operatori mici
VLAD TRANS 2003 S.R.L.,R15813630,Popesti Leordeni,7,2026.07,Operatori mici
SMS TRANS SRL,R20768691,Ardud,7,2026.07,Operatori mici
MARIAN TRANS,R13358150,Sibiu,8,2026.07,Operatori mici
BALMI LOGISTIC,R27697679,Sibiu,8,2026.07,Operatori mici
BP TRANSPORT SRL,R18461317,Satu Mare,8,2026.07,Operatori mici
ECI GLOBAL LOGISTIC SRL,R33805945,Pitesti,8,2026.07,Operatori mici
GENIC MUNTENIA FOREST SRL,R15346119,Ciocanesti,8,2026.07,Operatori mici
LIVIOTRANS PREST SRL,R27047145,Suseni,8,2026.07,Operatori mici
FRIGOSERV SRL,R15733107,Galati,9,2026.07,Operatori mici
ZOOM CADISS SRL,R35604115,Targu Mures,9,2026.07,Operatori mici
ALEXIANA GROUP,R12059923,Cacica,9,2026.07,Operatori mici
ELI&CRIS SRL,R18233971,Oradea,9,2026.07,Operatori mici
NEDEIA POIANA SRL,R3350604,Poiana Sibiului,10,2026.07,Operatori medii 1
NINITRANS SRL,R20404356,Voitinel,10,2026.07,Operatori medii 1
TIC TON IMPEX SRL,R3336413,Pitesti,10,2026.07,Operatori medii 1
RIVA TRANS SRL,R8093935,Banesti,11,2026.07,Operatori medii 1
LS GLOBAL TRANS SRL,R32837507,Recas,11,2026.07,Operatori medii 1
TRANSPORTS ORGANIC PRODUCTS,R25233494,Sanleani,12,2026.07,Operatori medii 1
MIRADA CONSTRUCT,R1679300,Sanleani,5,2026.07,Operatori mici
TIGER VALS SRL,R8156596,Vulcan,5,2026.07,Operatori mici
TELECHE SRL,R15167750,Raducaneni,5,2026.07,Operatori mici
RAMYR VEST SRL,R21967102,Tipar,5,2026.07,Operatori mici
INTERTRANS DANY SRL,R9985770,Voluntari,5,2026.07,Operatori mici
GHIZILA LOGISTICS,R37799951,Tulcea,5,2026.07,Operatori mici
DADY TRANS S.R.L.,R18768240,Ramnicu Valcea,5,2026.07,Operatori mici
VIVRAL TRANS SRL,R23317440,Timisoara,5,2026.07,Operatori mici
AROMEX COM SRL,R3177784,Suceava,5,2026.07,Operatori mici
ANCORA S.R.L,R17017007,Satu Mare,5,2026.07,Operatori mici
XANTUS PRODEX SRL,R6416339,Targu Mures,5,2026.07,Operatori mici
METALTRANS,R7667754,Slatina,5,2026.07,Operatori mici
CETIM 95 S.R.L,R7959538,Galati,5,2026.07,Operatori mici
LORGER SRL,R13220822,Marghita,5,2026.07,Operatori mici
ANDANIN IMPEX SRL,R10106050,Tarnaveni,6,2026.07,Operatori mici
NIROLD SRL,R19344315,Oradea,6,2026.07,Operatori mici
MISI 99 EXIM SRL,R11483563,Sic,6,2026.07,Operatori mici
ANDGEROS SRL,R28224229,Sanmartin,6,2026.07,Operatori mici
SOGARD SRL,R15813907,Volovat,6,2026.07,Operatori mici
BOTIS CRISTIAN ANTONIO TRANS S.R.L.,R18655623,Viile Satu Mare,6,2026.07,Operatori mici
COMAGROSERVICE.SRL,R4604484,Veresti,7,2026.07,Operatori mici
SOMET SRL,R5873944,Mihail Kogalniceanu,7,2026.07,Operatori mici
LAGUNA SERV SRL,R6860144,Sighetul Marmatiei,7,2026.07,Operatori mici
DAMACO LOGISTIC SRL,R7793671,Oradea,7,2026.07,Operatori mici
BENNELLI TRANS SRL,R18197500,Fratautii Vechi,7,2026.07,Operatori mici
EUROGENETIC S.R.L.,R6218633,Bals,7,2026.07,Operatori mici
MEGA ROUTE SRL,R6187430,Cristian,7,2026.07,Operatori mici
EXCELSIOR SRL,R3412839,Constanta,7,2026.07,Operatori mici
COSELY SPEED SRL,R38590227,Stremt,7,2026.07,Operatori mici
SORLIMAR SRL,R4062650,Dragodana,8,2026.07,Operatori mici
BASAROM PRODCOM SRL,R6496389,Bacau,8,2026.07,Operatori mici
TRANS GMC SRL,R23690325,Bosanci,8,2026.07,Operatori mici
CIORNEI PROD,R7619544,Suceava,8,2026.07,Operatori mici
VIKING LOGISTIC SRL,R27631631,Voluntari,9,2026.07,Operatori mici
NIVIRO TUR SRL,R33776416,Seini,9,2026.07,Operatori mici
MOBEL TRANS INTERNATIONAL,R13849041,Sebis,9,2026.07,Operatori mici
SELMAW SRL,R16582681,Santion,9,2026.07,Operatori mici
IMPEX ANGMAR SRL,R10747330,Baia Mare,9,2026.07,Operatori mici
V.R.G. ROBY TRANS SRL,R22584725,Onesti,10,2026.07,Operatori medii 1
ION ANDRA TRANS COM S.R.L.,R7595178,Marca,10,2026.07,Operatori medii 1
ROVENTA,R16068436,Baia Mare,11,2026.07,Operatori medii 1
DAROM EUROSAT SRL,R13125073,Pitesti,11,2026.07,Operatori medii 1
BOLINTIS GRUP,R16897779,Daia,11,2026.07,Operatori medii 1
DAMYMAR GLOBAL LOGISTIC SRL,R40039646,Jilava,12,2026.07,Operatori medii 1
CMCC SCHIMPF SPEDITION ROMANIA SRL,R11985950,Pitesti,6,2026.07,Operatori mici
MIHMIR SPEED LOGISTIC SRL,R29135685,Pitesti,6,2026.07,Operatori mici
ELADO TRANS SRL,R18197399,Campulung Moldovenesc,6,2026.07,Operatori mici
VOLTRANS SA,R1772416,Sebes,6,2026.07,Operatori mici
RG HOLZ COMPANY SRL,R12178568,Viseu de Sus,6,2026.07,Operatori mici
EUXIN TRUCKS SRL,R14973799,"Bucuresti,sector 1",6,2026.07,Operatori mici
AGROTRANS MARS LOGISTIC,R30533080,STEFAN CEL MARE,6,2026.07,Operatori mici
TRUK-IERBAC,R10103887,Bosanci,7,2026.07,Operatori mici
VEST EURO MARKETING,R2719224,Oradea,7,2026.07,Operatori mici
PANIPAT ALEX SRL,R5756987,Roscani,7,2026.07,Operatori mici
MARILUC COM SRL,R8737394,Ograda,7,2026.07,Operatori mici
ROMEX SRL,R1196453,Targu Mures,8,2026.07,Operatori mici
DANCOMIR TRANS,R19030592,Milisauti,8,2026.07,Operatori mici
RIODOR TRANS,R14865770,Suceava,8,2026.07,Operatori mici
ACS TRANSPORTING EURO SRL,R25588845,Chisoda,8,2026.07,Operatori mici
MARIAN TIR SRL,R12601632,Zalau,8,2026.07,Operatori mici
DAIDADO TRANS SRL,R9462356,Piscu,8,2026.07,Operatori mici
PURTRANS,R12739342,Slatioara,8,2026.07,Operatori mici
VENETO CARGO SRL,R27604882,Sicula,9,2026.07,Operatori mici
INTERMONTANA SRL,R18362682,Suceava,9,2026.07,Operatori mici
WETO TRANS SRL,R19754676,Cisnadie,9,2026.07,Operatori mici
CARGO EXPRES SPEDITION SA,R7290440,Pitesti,9,2026.07,Operatori mici
SOTOVA TRANS SRL,R14747635,Astileu,9,2026.07,Operatori mici
TRANSMAR SRL,R6739976,Constanta,9,2026.07,Operatori mici
B.M EURO TRANS SRL,R20064688,Sibiu,10,2026.07,Operatori medii 1
LEMN BAIC SRL,R17160090,Stei,11,2026.07,Operatori medii 1
REGAL TAXIPAN SRL,R14614060,Campulung,11,2026.07,Operatori medii 1
TRAFIC TURBO TUR SRL,R10550320,Sovata,11,2026.07,Operatori medii 1
MPS CARMPROD SRL,R34117570,poplaca,12,2026.07,Operatori medii 1
CVORUM TRANS SRL,R8475307,Targoviste,7,2026.07,Operatori mici
AMAGEO SRL,R12936557,Craiova,7,2026.07,Operatori mici
AS LINE SPEDITION,R34712828,Arad,7,2026.07,Operatori mici
VKV CARPLUS SRL,R32397554,Constanta,7,2026.07,Operatori mici
SPOREA COM SRL,R4224051,Oravita,7,2026.07,Operatori mici
MANOLO,R6527701,Zabalt,7,2026.07,Operatori mici
MAVI TRANS 2001,R13836386,Popesti Leordeni,8,2026.07,Operatori mici
AVICARVIL S.R.L,R18658662,Frincesti,8,2026.07,Operatori mici
INC 1975 SRL,R24703857,Timisoara,8,2026.07,Operatori mici
CARMO-LACT PROD,R5908104,Monor,8,2026.07,Operatori mici
GRANI PROD COM SRL,R7688447,Gura Sutii,9,2026.07,Operatori mici
MIG PAF,R16994941,Huedin,9,2026.07,Operatori mici
MCP CO TRANS SRL,R34485210,Roznov,10,2026.07,Operatori medii 1
LINDA ECOTIL SRL,R17576106,Suceava,10,2026.07,Operatori medii 1
TRANS MONTANA SRL,R7432324,Sibiu,10,2026.07,Operatori medii 1
REMAT MG S.A.,R1689176,Arad,10,2026.07,Operatori medii 1
BURLACU  ALYSEB LOGISTIC SRL,R30346147,Targoviste,11,2026.07,Operatori medii 1
SC PALMEX CM SRL,R28419867,Galati,11,2026.07,Operatori medii 1
TRANS C.A.S. SRL,R14836511,Sibiu,11,2026.07,Operatori medii 1
RUTA INTERNATIONAL SRL,R6854029,Radauti,11,2026.07,Operatori medii 1
EURO EXPEDITII SRL,R11913067,Focsani,11,2026.07,Operatori medii 1
VALEX LOGISTIC SRL,R20848405,Arad,12,2026.07,Operatori medii 1
VINEXPORT TRADE MARK SA,R1441072,Focsani,8,2026.07,Operatori mici
TST TOTAL SPEDITION TRANSPORT S.R.L.,R25778866,Oradea,8,2026.07,Operatori mici
EURO-NIGA SRL,R18673468,Frumosu,8,2026.07,Operatori mici
MABU SRL,R14467155,Oradea,8,2026.07,Operatori mici
TOMIS SRL,R668051,Botiz,9,2026.07,Operatori mici
PLIMOB S.A.,R2215286,Sighetul Marmatiei,9,2026.07,Operatori mici
MILI RUN S.R.L.,R936480,Moreni,10,2026.07,Operatori medii 1
BALKAN DRINKS SRL,R14616826,Slobozia,10,2026.07,Operatori medii 1
ORZAN SPEDT SRL,R5782757,Baia Mare,10,2026.07,Operatori medii 1
ICE AGE,R16769761,Constan?a,10,2026.07,Operatori medii 1
KIRLAN PROD COM SRL,R6888749,Baia Mare,11,2026.07,Operatori medii 1
CHIMTRANS OVIDIU SRL,R4637406,Nusfalau,11,2026.07,Operatori medii 1
ROLLING TONS,R16781510,Satu Mare,12,2026.07,Operatori medii 1
DOR TRANS COMPANY SRL,R9209346,Satu Mare,9,2026.07,Operatori mici
GEVAS INTERMED SRL,R13826390,Ograda,9,2026.07,Operatori mici
MARIA TRADING SRL,R7471897,Constanta,10,2026.07,Operatori medii 1
OMEGA TRANS SRL,R6629809,Sibiu,10,2026.07,Operatori medii 1
GIMDAN SPED SRL,R6569391,Dumbrava,10,2026.07,Operatori medii 1
SORI-NIS S.R.L.,R6036380,Volovat,11,2026.07,Operatori medii 1
LORD CAT TRANS SRL,R15368249,Popesti Leordeni,11,2026.07,Operatori medii 1
CLAR TRANS SRL,R14364311,Cluj Napoca,11,2026.07,Operatori medii 1
CORO TRANS IMPEX SRL,R9303148,Campia Turzii,11,2026.07,Operatori medii 1
METALCOMP INTERNATIONAL,R11291754,Arad,11,2026.07,Operatori medii 1
VELOX LOGISTICS CENTER SRL,R25360919,Bascov,11,2026.07,Operatori medii 1
OCEAN FISH S.R.L.,R10716873,Afumati,11,2026.07,Operatori medii 1
MOLDIS CAR SRL,R27730210,Valcele,12,2026.07,Operatori medii 1
KOJEX TRANS,R5099984,Sasca Mica,12,2026.07,Operatori medii 1
AUTOSERVICE SRL,R739438,Radauti,12,2026.07,Operatori medii 1
TRANS POPIKAS SRL,R25969815,Radauti,1,2026.07,Operatori mici
MG WEMBLEY TRANS SRL,R32838308,Radauti,1,2026.07,Operatori mici
FLORI STYLE SRL,R21737251,Oradea,1,2026.07,Operatori mici
BIA&LARI TRANS SRL,R21889993,Oradea,1,2026.07,Operatori mici
FLYTRANS,R13959320,Radauti,1,2026.07,Operatori mici
BLT EUROTRANS SRL,R50301239,Oradea,1,2026.07,Operatori mici
FABRIS SRL,R22990510,Oradea,1,2026.07,Operatori mici
SPEED MALINI FAMILY S.R.L.,R37920629,Malini,1,2026.07,Operatori mici
NORTH TRANSPORTE,R44315175,Suceava,1,2026.07,Operatori mici
FOX EURO TRANS SRL,R47370018,Suceava,1,2026.07,Operatori mici
CUCU BROTHERS SRL,R27533064,Suceava,1,2026.07,Operatori mici
BOREURO TRANS SRL,R32397708,Suceava,1,2026.07,Operatori mici
ALEXANDRU TRADING SOLUTION SRL,R43549690,Suceava,1,2026.07,Operatori mici
FARTATRANS S.R.L.,R22514614,Suceava,1,2026.07,Operatori mici
DANIMOL DAN SRL,R30655312,Suceava,1,2026.07,Operatori mici
LCD VEHICULE TRANS,R31628537,Timisoara,1,2026.07,Operatori mici
E & B EXPEDITION LOGISTICS 2017 SRL,R37521822,Sacalaz,1,2026.07,Operatori mici
CAN BY ADELIN SRL,R39611158,Mihail Kogalniceanu,1,2026.07,Operatori mici
II PETRUS FLOREA,R29095874,Jebel,1,2026.07,Operatori mici
SC MGA TRANS EXPRESS SRL,R51455600,Covaci,1,2026.07,Operatori mici
TRANS-AR SRL,R25036441,Dragsina,1,2026.07,Operatori mici
TIMCOMROM SRL,R49635219,Timisoara,1,2026.07,Operatori mici
WAVE ROAD S.R.L.,R52876276,Timisoara,1,2026.07,Operatori mici
KARI YANNIS SPEDITION SRL,R42138417,Baile Govora,1,2026.07,Operatori mici
GOKCAM TRANSPORT SRL,R54527256,Sibiu,1,2026.07,Operatori mici
FAMILY SPEED LOGISTIC SRL,R49056667,Sibiu,1,2026.07,Operatori mici
MERSAL SIB SRL,R40064887,Saliste,1,2026.07,Operatori mici
HASTUR ACTIV SRL,R38557530,Selimbar,1,2026.07,Operatori mici
HAR & ALEX SRL,R18686840,Decebal,1,2026.07,Operatori mici
HPA LOGISTICS SRL,R45311040,Zalau,1,2026.07,Operatori mici
BEKMEZCI LOGISTICS SRL,R39538782,Zalau,1,2026.07,Operatori mici
TIMSAN BUCOVINA,R39570481,Baia,1,2026.07,Operatori mici
DACIAN LOGISTIC SRL,R42568767,Satu Mare,1,2026.07,Operatori mici
GEMATEX TRADING SRL,R6710384,Bucuresti,1,2026.07,Operatori mici
ERREDI DISTRIBUTION SRL,R6637704,Bucuresti,1,2026.07,Operatori mici
PRIMATRANS SRL,R12772586,Bucuresti,1,2026.07,Operatori mici
DANCO INTERTRANS,R12846470,Bucuresti,1,2026.07,Operatori mici
GRIVSOR SPEDITION SRL,R6036828,Bucuresti,1,2026.07,Operatori mici
GEBETO IMPEX SRL,R3020070,Bucuresti,1,2026.07,Operatori mici
LORIS TRANSCAR SRL,R30518889,Calafindesti,1,2026.07,Operatori mici
PETEA UK IMPORT EXPORT S.R.L,R36836164,Campulung Moldovenesc,1,2026.07,Operatori mici
87RCG CARGO&LOGISTIC SRL,R40595803,Campulung Moldovenesc,1,2026.07,Operatori mici
ASATRANSPORTER SRL,R36483666,Campulung Moldovenesc,1,2026.07,Operatori mici
TREXPORT INTERNATIONAL LOJISTIK NEW SRL,R54086451,Bucuresti,1,2026.07,Operatori mici
WARRIORS SPEEDITION SRL,R45786561,Falticeni,1,2026.07,Operatori mici
LARGA  NORD SRL,R51428428,Dumbraveni,1,2026.07,Operatori mici
SC ENERGY PROD SRL,R47557998,Darmanesti,1,2026.07,Operatori mici
NGP EXPED SRL.,R40457584,Bucuresti,1,2026.07,Operatori mici
MIRROR V JOBS SRL,R24801529,Bucuresti,1,2026.07,Operatori mici
OMEGA FORUM SRL,R33993970,Bucuresti,1,2026.07,Operatori mici
YENER TRANS EUROPE SRL,R47096991,Bucuresti,1,2026.07,Operatori mici
FULL MOON RETAIL SRL,R42942623,Bucuresti,1,2026.07,Operatori mici
EFORIE LOGISTIC S.R.L.,R51574849,Bucuresti,1,2026.07,Operatori mici
DERSIM TRANS LOJISTIK SRL,R51109186,Bucuresti,1,2026.07,Operatori mici
ORCA GLOBAL SRL,R47684223,Bucuresti,1,2026.07,Operatori mici
SCLTRANS SRL,R51331831,Bucuresti,1,2026.07,Operatori mici
MARIBIA INTERNATIONAL TRANS SRL,R25238378,Bucuresti,1,2026.07,Operatori mici
GEAMANU IMPEX S.R.L.,R16037588,Bucuresti,1,2026.07,Operatori mici
COSMION TRANS COM SRL,R17563912,Bucuresti,1,2026.07,Operatori mici
MARBRUM INVESTMENT HOLDING SRL,R27880993,Bucuresti,1,2026.07,Operatori mici
ALIWEB CANDLES SRL,R31850583,Bucuresti,1,2026.07,Operatori mici
ALESS & STEFAN JIA TRANS SRL,R22493902,Bucuresti,1,2026.07,Operatori mici
PAUL TIL SRL,R36177268,Tilisca,1,2026.07,Operatori mici
RYMAH GRUP SRL,R49005558,Valu Lui Traian,1,2026.07,Operatori mici
BREK ROM SRL,R8562888,Valea Vinului,1,2026.07,Operatori mici
SALANTUR LOGISTIC S.R.L.,R47049434,Talmaciu,1,2026.07,Operatori mici
GERY FORY SRL,R46941981,Vulcana Bai,1,2026.07,Operatori mici
ALL IN ONE TRANS SPED SRL,R54477395,Talmaciu,1,2026.07,Operatori mici
G.H. INT SPED LOGISTIC,R52451194,Talmaciu,1,2026.07,Operatori mici
AK SU SPEED LOGISTIC S.R.L.,R48096566,Talmaciu,1,2026.07,Operatori mici
TEISA AUTOTRANS SRL,R29115122,Gorban,1,2026.07,Operatori mici
OLESEA EUROTRANSPORT SRL,R29892854,Gorban,1,2026.07,Operatori mici
VLADIGO EUROTRANS S.R.L,R33931897,Gorban,1,2026.07,Operatori mici
LEON TRUCK SPEDITION SRL,R34488519,Visina,1,2026.07,Operatori mici
BEKEM TRANSPORT 42 SRL,R47273961,Vladimirescu,1,2026.07,Operatori mici
ERY&ALE TRANSPORT SRL,R53405390,Segarcea,1,2026.07,Operatori mici
BOSNAK GROUP LOJISTIK,R53571946,Talmaciu,1,2026.07,Operatori mici
MGS SHOPPING SRL,R22779514,Sura Mare,1,2026.07,Operatori mici
POLIFOM-EXIM SRL,R33898650,Tomesti,1,2026.07,Operatori mici
ARIA TRANS S.R.L.,R49363564,Tomesti,1,2026.07,Operatori mici
SUD DIFFUSION S.R.L,R13040635,Viseu de Sus,1,2026.07,Operatori mici
EMINICO MAN TRANSPORT & EXPEDITII SRL,R37449867,Urlati,1,2026.07,Operatori mici
BEST BLACK LION'S SRL,R51248222,Tileagd,1,2026.07,Operatori mici
IKILER TRANSPORT SRL,R47273988,Tileagd,1,2026.07,Operatori mici
LORENA AGRO PARTENER SRL,R38630593,Topoloveni,1,2026.07,Operatori mici
IKAR SISTEM LOGISTIC SRL,R45731701,Tarlungeni,1,2026.07,Operatori mici
SC PETRI INTERTRANS SRL,R52724324,Oinacu,1,2026.07,Operatori mici
L.C.C. LUCA LOGISTIC SRL,R43756114,Sanpetru,1,2026.07,Operatori mici
BEIU TRANS SRL,R50359605,Ovidiu,1,2026.07,Operatori mici
KEVIN MIHAI TRANS SRL,R44142686,Isalnita,1,2026.07,Operatori mici
LUIGI BEST TRANS,R51696676,Filiasi,1,2026.07,Operatori mici
CIOSNARI TRANS,R12483669,Vama,1,2026.07,Operatori mici
GRI COM,R2692463,Vama,1,2026.07,Operatori mici
ANATEO MILES SRL,R39717516,Zimnicea,1,2026.07,Operatori mici
TRANS IBERIA EXPRES SRL,R19113183,Stefanesti,1,2026.07,Operatori mici
CRIS BIANCA TRANS SPEDITION,R17676989,Stefanesti,1,2026.07,Operatori mici
AGROAUTO-BG FILIALA S.R.L,R40514280,Malu Mare,1,2026.07,Operatori mici
SC AUTO VER-GAM  SRL,R51396024,Pascani,1,2026.07,Operatori mici
RO MAE TRANSPORT SRL,R49800782,Navodari,1,2026.07,Operatori mici
INGRYD MGI EXPEDITIONS SRL,R42620423,Navodari,1,2026.07,Operatori mici
BUYUK TRANS SRL,R52187760,Navodari,1,2026.07,Operatori mici
GDF LIVESTOCK SRL,R30589146,Santion,1,2026.07,Operatori mici
GARDALAND SRL,R17874706,Sanmartin,1,2026.07,Operatori mici
M&A CONFORT FOOD SRL,R29948599,Popesti Leordeni,1,2026.07,Operatori mici
LAURTRIFU S.R.L,R36478473,Popesti Leordeni,1,2026.07,Operatori mici
FORTRANS PERFORMANS LOGISTICS S.R.L.,R39140280,Stefanestii de Jos,1,2026.07,Operatori mici
INTOL TRANSPORT DELIVERY SRL,R43549313,Onesti,1,2026.07,Operatori mici
CEVIKER LOGISTIC SRL,R53176750,Pecica,1,2026.07,Operatori mici
ROADLIN TEAM SRL,R30415867,Voluntari,1,2026.07,Operatori mici
DAVINA TRANSSPED SRL,R27157911,Hotarele,1,2026.07,Operatori mici
NORTHHILL SRL,R47414394,Voluntari,1,2026.07,Operatori mici
KATY &  KLI  INTERTRANS SRL,R48552298,Poiana Lacului,1,2026.07,Operatori mici
FILCOS TRANS FORESTA SRL,R32451610,Priboieni,1,2026.07,Operatori mici
TITANIC TRANS SRL,R10890984,Sebes,1,2026.07,Operatori mici
EXPRES TEAM SRL,R24339366,Tulcea,1,2026.07,Operatori mici
DYNAMEX NOVATRANS,R33773746,Sebes,1,2026.07,Operatori mici
HALA DE PESTE,R14688717,Tulcea,1,2026.07,Operatori mici
TOPZONE SRL,R23440914,Topolog,1,2026.07,Operatori mici
TRANS DENIHAF SRL,R26178525,Poienile de Sub Munte,1,2026.07,Operatori mici
INDUTRANS VGV SRL VASLUI,R17844969,Vaslui,1,2026.07,Operatori mici
BURGAZ GLASS SYSTEM SRL,R42062637,Eforie Nord,1,2026.07,Operatori mici
LOGISTIC TIR TRANSPORT SUD SRL,R42234783,Turnu Magurele,1,2026.07,Operatori mici
ROFEURO LOGISTIC SRL,R43119111,Focsani,1,2026.07,Operatori mici
MARISAJOHN SRL,R26257459,Focsani,1,2026.07,Operatori mici
SERMOLDO SRL,R38639444,Berezeni,1,2026.07,Operatori mici
VALMADTRANS SRL,R44380556,Satu Nou,1,2026.07,Operatori mici
HERMAIA QUANTUM SRL,R42302519,Trestiana,1,2026.07,Operatori mici
B. AMGV EUROTRANS SRL,R50372507,Muntenii de Sus,1,2026.07,Operatori mici
BTMV&GLOBAL TRANS SRL,R47189519,Vaslui,1,2026.07,Operatori mici
ROMOLDFRUCT SRL,R46045485,Vaslui,1,2026.07,Operatori mici
CAR-BEM AUTO S.R.L.,R40001609,Vaslui,1,2026.07,Operatori mici
CRISTEOTRANSPORT SRL,R41073689,Vaslui,1,2026.07,Operatori mici
VLAITRANS SRL,R54023470,Vaslui,1,2026.07,Operatori mici
ALICRIS LOGISTICS SRL,R53310126,Vaslui,1,2026.07,Operatori mici
BTM GLOBAL TRUCK SRL,R53071509,Vaslui,1,2026.07,Operatori mici
SPEDTRUCK SRL,R54319522,Vaslui,1,2026.07,Operatori mici
STRATANMIRA TRANS SRL,R45180785,Vaslui,1,2026.07,Operatori mici
BACONY SRL,R8960379,Mihaesti,1,2026.07,Operatori mici
AGRO HOLDING ANNABELLA SRL,R21740222,Dragasani,1,2026.07,Operatori mici
AVANTI CARGO SRL,R32632668,Otesani,1,2026.07,Operatori mici
AUTOTRANSPORT NEAGOE GAZ SRL,R42390197,Ionesti,1,2026.07,Operatori mici
IONVER TRANS SRL,R51461580,Horezu,1,2026.07,Operatori mici
POMIN TRANSPORT SRL,R22537111,Maldaresti,1,2026.07,Operatori mici
DISPO LOGISTIC SRL,R43538438,Ramnicu Valcea,1,2026.07,Operatori mici
ANETRANSCARGO SRL,R51868011,Ramnicu Valcea,1,2026.07,Operatori mici
DAROIL TRANS SRL,R27794019,Ramnicu Valcea,1,2026.07,Operatori mici
POPA IMPEX SRL,R2536812,Ramnicu Valcea,1,2026.07,Operatori mici
DENSYNA TRANSPORT SRL,R28482740,Ramnicu Valcea,1,2026.07,Operatori mici
GENERAL AUTO INTERNATIONAL SRL,R12932270,Ramnicu Valcea,1,2026.07,Operatori mici
ACTROS SRL,R14197175,Ramnicu Valcea,1,2026.07,Operatori mici
IGORIKA SRL,R27301374,Miercurea Ciuc,1,2026.07,Operatori mici
WABERER`S ROMANIA S.A.,R10610111,Miercurea Ciuc,1,2026.07,Operatori mici
DARIUS-SERVICII TRANSPORT MARFA S.R.L.,R28994627,Balotesti,1,2026.07,Operatori mici
SERCO TRADE SRL,R18085964,Buftea,1,2026.07,Operatori mici
BLACK ROSE EXPERIENCE SRL,R47732428,Chiajna,1,2026.07,Operatori mici
GURKAN LOJISTIK SRL,R46339499,Cornetu,1,2026.07,Operatori mici
YILMAZLAR TRANS SRL,R33430772,Clinceni,1,2026.07,Operatori mici
NMS PRIME SRL,R38225167,Buftea,1,2026.07,Operatori mici
KBT LOGISTICS SRL,R48775087,Buftea,1,2026.07,Operatori mici
LAND LINER INTERNATIONAL SR,R52888661,Bragadiru,1,2026.07,Operatori mici
JIYAN GLOBAL SRL,R53854608,Bragadiru,1,2026.07,Operatori mici
SEMBOL TRANS SRL,R52477445,Bragadiru,1,2026.07,Operatori mici
LA VITESSE TRANS SPEDITION S.R.L.,R32715747,Bragadiru,1,2026.07,Operatori mici
RUMELI TRANSPORT S.R.L.,R48839377,Bragadiru,1,2026.07,Operatori mici
AUTO ELLICON,R35297738,Bragadiru,1,2026.07,Operatori mici
CLAUS TRANSPED SOLUTIONS SRL,R48942860,Pantelimon,1,2026.07,Operatori mici
INTERMOBILI FURNITURE SOFA,R45572665,Pantelimon,1,2026.07,Operatori mici
SOPHY LOGISTIC,R27742800,Mogosoaia,1,2026.07,Operatori mici
GYOSPY AGRO TRANS SRL,R44572624,Dobroesti,1,2026.07,Operatori mici
SMYRNA LOGISTIC SRL,R38870596,Dobroesti,1,2026.07,Operatori mici
MOLDBITGRUP,R33331159,Iasi,1,2026.07,Operatori mici
LOGISTID SRL,R33161518,Iasi,1,2026.07,Operatori mici
ION MATRANS SRL,R20950463,Iasi,1,2026.07,Operatori mici
SILICOM TRANSCOM SRL,R27772967,Iasi,1,2026.07,Operatori mici
TRANSIUG LTA SRL,R39651799,Galati,1,2026.07,Operatori mici
REKO BYT SPEED,R45629494,Galati,1,2026.07,Operatori mici
DXF QUICK ROADRUNNER,R41834089,Galati,1,2026.07,Operatori mici
MITRANS SRL,R21954153,Galati,1,2026.07,Operatori mici
ANDREI SI ALESIA TRANS SRL,R29391896,Targoviste,1,2026.07,Operatori mici
TRAMI EXPEDITION SRL,R28523239,Targoviste,1,2026.07,Operatori mici
FAB ACTIV TRANS SRL,R44122506,Targoviste,1,2026.07,Operatori mici
MARIO DANIEL LOGISTIC SRL,R42922820,Craiova,1,2026.07,Operatori mici
PENTONS INTERTRANS SRL,R41438416,Craiova,1,2026.07,Operatori mici
HR EXPRESS SILOGIC S.R.L.,R50284227,Craiova,1,2026.07,Operatori mici
RTM TRUCKS SRL,R50618734,Craiova,1,2026.07,Operatori mici
CSA  ALSO TRANS SRL,R44113192,Craiova,1,2026.07,Operatori mici
VIATRANS SUINTER SRL,R31673481,Craiova,1,2026.07,Operatori mici
RABMUB TRANS SRL,R38800400,Bustuchin,1,2026.07,Operatori mici
JAMOCA SPED S.R.L.,R33648956,Bisericani,1,2026.07,Operatori mici
SEBA INTERTRANS SRL,R31749075,Deva,1,2026.07,Operatori mici
VLD LOGISTIC SRL,R22579940,Giurgiu,1,2026.07,Operatori mici
ATS ALP TRANSPORT SRL,R28116642,Ilia,1,2026.07,Operatori mici
SOREY DECONT TRADE,R46127984,Targu Jiu,1,2026.07,Operatori mici
RADESERB TRANS 78 SRL,R45427797,Targu Jiu,1,2026.07,Operatori mici
MULTIGROUP PAUN TRANS SRL,R44903590,Targu Jiu,1,2026.07,Operatori mici
KREYTA IDEAL TRANSPORT SRL,R41618310,Gaiseni,1,2026.07,Operatori mici
CALEA FERATA INGUSTA SRL,R14689445,Criscior,1,2026.07,Operatori mici
SC DENS FAST TRANS SRL,R45063815,Targu Jiu,1,2026.07,Operatori mici
ELEOMARIDOR SRL,R27972590,Adunatii Copaceni,1,2026.07,Operatori mici
ICOTRANS SRL,R14485372,Adunatii Copaceni,1,2026.07,Operatori mici
VIS&LUCIAN TRANSPORT S.R.L,R47466733,Bolintin Deal,1,2026.07,Operatori mici
GAVAN EUROTRANS LOGISTIC SRL,R42327173,Bolintin Vale,1,2026.07,Operatori mici
AGROSILV CARGOTRANS  SRL,R47306961,Baia Mare,1,2026.07,Operatori mici
MARASPED INTERTRANS,R15656292,Baia Mare,1,2026.07,Operatori mici
NEO SPEDITION LOGISTICS SRL,R32036843,Drobeta Turnu Severin,1,2026.07,Operatori mici
TRISGROUP SRL,R53255927,Iasi,1,2026.07,Operatori mici
GLOBAL ELIT TRANS SRL,R52788158,Iasi,1,2026.07,Operatori mici
NOROCELBOBOCSPEDITION SRL,R51503805,Hinova,1,2026.07,Operatori mici
FRI LOGIS SRL,R38796619,Ludus,1,2026.07,Operatori mici
IASEI ROTRANS EXPERT SRL,R46471855,Baia Sprie,1,2026.07,Operatori mici
COCRIS EXPEDITII SRL,R44087824,Baia Sprie,1,2026.07,Operatori mici
MA SCUT TRANS SRL,R47976899,Iasi,1,2026.07,Operatori mici
TAYLOR TRUCK SRL,R40603990,Iasi,1,2026.07,Operatori mici
DADY CLIM TRANS SRL,R45527419,Iasi,1,2026.07,Operatori mici
DAV AUTO BOSS SRL,R44265379,Iasi,1,2026.07,Operatori mici
ASA CARGO LINE SRL,R38488554,Iasi,1,2026.07,Operatori mici
AUTO EXPAND ROT,R39353652,Iasi,1,2026.07,Operatori mici
SMG TRANSPORTO SRL,R38910909,Iasi,1,2026.07,Operatori mici
SIDO TRANS SRL,R13868264,Sovata,1,2026.07,Operatori mici
TOP ELECTRO SRL,R1205349,Sangeorgiu de Mures,1,2026.07,Operatori mici
MARCOTRANS SRL,R1281184,Sancraiu de Mures,1,2026.07,Operatori mici
PROTRANS SRL,R4102283,Targu Mures,1,2026.07,Operatori mici
ANDI CRIS TRANS,R15415316,Targu Mures,1,2026.07,Operatori mici
SC TROFIN TRANS HELLAS SRL,R49653827,Piatra Neamt,1,2026.07,Operatori mici
LAURA  SI ANDREI SRL,R39763237,Albesti Paleologu,1,2026.07,Operatori mici
VIVATI TRANS S.R.L,R27884308,Blejoi,1,2026.07,Operatori mici
RAIKO RCD LOGISTIC SRL,R34762648,Magurele,1,2026.07,Operatori mici
MIRA MARK LOGISTIC SRL,R47911695,Slatina,1,2026.07,Operatori mici
METEOR IMPEX SRL,R805728,Medias,1,2026.07,Operatori mici
AKDIA SPECTRA LOGISTIC S.R.L.,R41892977,Ploiesti,1,2026.07,Operatori mici
TAM TUNCAY LOGISTIC SRL,R46964136,Ploiesti,1,2026.07,Operatori mici
SC BOZDEMIR LOGISTIC SRL,R51762630,Ploiesti,1,2026.07,Operatori mici
ETMACOM INTERNATIONAL SRL,R48299331,Ploiesti,1,2026.07,Operatori mici
CRISS INTERLOGISTIC,R39480494,Ploiesti,1,2026.07,Operatori mici
COSOAN TRANS SPEDITION SRL,R34679462,Bascov,1,2026.07,Operatori mici
RNS ON WHEELS SRL,R50197309,Bogati,1,2026.07,Operatori mici
KOSTY  EVY  TRANS SRL,R48766240,Bogati,1,2026.07,Operatori mici
SILVIU MAR TRANS LOGISTIC SRL,R32355770,Cateasca,1,2026.07,Operatori mici
STEFAN & GEORGY SPEDITIONS SRL,R42824962,Bascov,1,2026.07,Operatori mici
CRISMAN RAMON TRANS,R40541773,Baiculesti,1,2026.07,Operatori mici
MIHAI&IONIK SPED PROSPER SRL,R35835691,Bascov,1,2026.07,Operatori mici
NELMON TRADING SRL,R28107016,Alba Iulia,1,2026.07,Operatori mici
NEXTLOG SRL,R51536152,Alba Iulia,1,2026.07,Operatori mici
ALIMAR TRANS 2019 SRL,R40649695,Pitesti,1,2026.07,Operatori mici
M TUNC TRANSPORT SRL,R46321793,Pitesti,1,2026.07,Operatori mici
ALEX TRANSPORT MARFURI 2007 SRL,R22161440,Pitesti,1,2026.07,Operatori mici
SAL SPEDITION SRL,R47950929,Pitesti,1,2026.07,Operatori mici
INTERTRANS ORIZONT CMS,R31250988,Pitesti,1,2026.07,Operatori mici
UTA PRO BATIMENT SRL,R31065123,Pitesti,1,2026.07,Operatori mici
BERT TRUCK TRANSPORTE SRL,R48900996,Hintesti,1,2026.07,Operatori mici
BALEA&CRIS TRANS SRL,R33082180,Leresti,1,2026.07,Operatori mici
ALEXMAR FAST ROUTE SRL,R28045371,Mioveni,1,2026.07,Operatori mici
CLAS CONTINENTAL TRANS,R24937874,Mioveni,1,2026.07,Operatori mici
VIVIAN ACTIV SPEDITION SRL,R38134743,Moraresti,1,2026.07,Operatori mici
FLORIO PROIECT SPEDITION SRL,R40558708,Draganu,1,2026.07,Operatori mici
FILIP SRL,R1685441,Arad,1,2026.07,Operatori mici
MAITEC TRANSPORT,R1676699,Arad,1,2026.07,Operatori mici
DENZER LOGISTIK SRL,R40922085,Arad,1,2026.07,Operatori mici
CHINEZ TRANS SRL,R32954604,Borod,1,2026.07,Operatori mici
FRIGO TRAFFIC SERVICE,R46920164,Alesd,1,2026.07,Operatori mici
SPIROVALIM SRL,R14587291,Bacau,1,2026.07,Operatori mici
FLY SPEED ACTIV SRL,R27167397,Felnac,1,2026.07,Operatori mici
ZAMORA GROUP SRL,R47715788,Ineu,1,2026.07,Operatori mici
MD TRANS OLIMP SRL,R48592578,Pitesti,1,2026.07,Operatori mici
CIRSTEA TUDOREL EUROPEAN S. R. L,R51001752,Pitesti,1,2026.07,Operatori mici
VISTA GEROTRANS SRL,R21588621,Pitesti,1,2026.07,Operatori mici
TRANSYENER SRL,R51072338,Arad,1,2026.07,Operatori mici
DURAN CARGO TRANS SRL,R54698515,Arad,1,2026.07,Operatori mici
ERIK ACTIV SPEDITION SRL,R37379419,Pitesti,1,2026.07,Operatori mici
SELIN LOGISTIK SRL,R33706143,Pitesti,1,2026.07,Operatori mici
SUPER ADELYN COMPANY S.R.L.,R9364838,Pitesti,1,2026.07,Operatori mici
MARCOMTRANS SRL,R132532,Pitesti,1,2026.07,Operatori mici
AYTEX GLOBAL SRL,R18595289,Buzau,1,2026.07,Operatori mici
HENDRIKS LOGISTICS SRL,R32494832,Codlea,1,2026.07,Operatori mici
MONDO FRUCT S.R.L,R15781082,Buzau,1,2026.07,Operatori mici
PEX EXPEDITION SRL,R47351342,Cislau,1,2026.07,Operatori mici
IANIS BTS TRUC INTERNATIONAL SRL,R44144989,Maracineni,1,2026.07,Operatori mici
VALETA CAR WASH,R42403386,Brasov,1,2026.07,Operatori mici
ELENA SUBIANCA SRL,R46528773,Brasov,1,2026.07,Operatori mici
DORUMATI TRANS SRL,R33274339,Braila,1,2026.07,Operatori mici
SAMNICDOR SRL,R21575052,Brasov,1,2026.07,Operatori mici
GLADIS SRL,R5096279,Brasov,1,2026.07,Operatori mici
BIVADINATA SRL,R30635323,Braila,1,2026.07,Operatori mici
HELBRIA TRANS SRL,R41662110,Braila,1,2026.07,Operatori mici
YNYV SERV SRL,R49835713,Braila,1,2026.07,Operatori mici
AYANI BARTRANS,R42683294,Diosig,1,2026.07,Operatori mici
RATKIGO TRANS,R46872024,Constanta,1,2026.07,Operatori mici
BLAXY LOGISTICS SRL,R42876198,Constanta,1,2026.07,Operatori mici
DEGU TRANSPORT MARFA,R37586082,Constanta,1,2026.07,Operatori mici
AVILA TRANSPORTES SRL,R32848530,Chirnogi,1,2026.07,Operatori mici
STOIAN QUALITY TRANS SRL,R40847846,Gaesti,1,2026.07,Operatori mici
EDUARD  EXPRESS CARGO SRL,R50045025,Petresti,1,2026.07,Operatori mici
AUTO OVIDIU COM,R14403399,Targoviste,1,2026.07,Operatori mici
GOTE CONS SRL,R48358900,Resita,1,2026.07,Operatori mici
LA NOR IMPORT EXPORT SRL,R9938329,Covasna,1,2026.07,Operatori mici
BEM BALOGH SRL,R2566570,Sfantu Gheorghe,1,2026.07,Operatori mici
DANIDOR EUROTRANS SRL,R47010680,Dragodana,1,2026.07,Operatori mici
GREEN FOREST SRL,R8950880,Sfantu Gheorghe,1,2026.07,Operatori mici
VIA SANDU TRANS,R44043291,Gaesti,1,2026.07,Operatori mici
NLC TRANSPORT SRL,R38803309,Culcea,1,2026.07,Operatori mici
NASTI & IONUT TRANSPORT SRL,R43576393,Colonesti,1,2026.07,Operatori mici
EMS EXPRES SERVICE SRL,R44447648,"Bucuresti ,sector4",1,2026.07,Operatori mici
TURO  DINAMIC  LOGISTIC  S.R.L.,R35856724,Sat  GEAMANA,1,2026.07,Operatori mici
YENSA  LOGISTIC SRL,R52045943,POPESTI-LEORDENI,1,2026.07,Operatori mici
ANADIA AUTO SPEDITION SRL,R45193440,"Bucuresti,sector 1",1,2026.07,Operatori mici
SAHIN TRANSPORT ACTIV SRL,R50343129,"Bucuresti,sector 3",1,2026.07,Operatori mici
OSCAR-TRANS RAPID,R34318670,"Bucuresti,sector 1",1,2026.07,Operatori mici
IURSPEDITION SRL,R53106143,"Bucuresti,sector 1",1,2026.07,Operatori mici
IMPEX BAD COM,R7995778,"Bucuresti,sector 1",1,2026.07,Operatori mici
ADY ROUTE SRL,R26454647,Catcau,1,2026.07,Operatori mici
DFG ROBICRIS TRANS SRL,R38720653,Lunca Corbului,1,2026.07,Operatori mici
SC ASHADA TRANSPORT SRL,R43369517,"Bucuresti, sector 3",1,2026.07,Operatori mici
OROS TRANSPORT SRL,R35082097,COMUNA SPINUS SAT SPINUS,1,2026.07,Operatori mici
EYMEN TRANS AND FLOORS SRL,R35052037,"BUCURESTI , SECTOR 5",1,2026.07,Operatori mici
DARI TOP TRANS,R24781847,"Bucuresti, sector 3",1,2026.07,Operatori mici
YUSUF AKARSU SRL,R32861246,Com. Budesti,1,2026.07,Operatori mici
AVESAN TRANSPORT SRL,R37884283,SECTOR 1,1,2026.07,Operatori mici
DARCOM DIVERS STAR,R37566824,Slobozia,1,2026.07,Operatori mici
CONTINENTAL IMPORT EXPORT,R14836716,BARGHIS,1,2026.07,Operatori mici
KALKAN VIVA EXPRESS 1972 SRL,R43378523,"BUCURESTI, SECTOR 6",1,2026.07,Operatori mici
ATA NAK LOGISTIK SRL,R33312432,Chirpar,1,2026.07,Operatori mici
SORIN LUIS TRANS SRL,R24123892,Tisa,1,2026.07,Operatori mici
ANKA LOGISTIK SRL,R47623676,"BUCURESTI, SECTOR 6",1,2026.07,Operatori mici
HERK LOGISTIC SRL,R47635239,"BUCURESTI, SECTOR 6",1,2026.07,Operatori mici
NOAH SPEED TRACK S.R.L.,R47022390,"BUCURESTI, SECTOR 6",1,2026.07,Operatori mici
EFE LOGISTICS SRL,R51871661,"BUCURESTI, SECTOR 6",1,2026.07,Operatori mici
MAR CARGO EXPRES SRL,R30065303,"BUCURESTI, SECTOR 6",1,2026.07,Operatori mici
MADIV TRADITIONAL 96 SRL,R34626751,"Bucuresti, sector 2",1,2026.07,Operatori mici
DRAGAN TRANSPORT INT SRL,R36227498,Putineiu,1,2026.07,Operatori mici
LOGISTIC TOMARED EXPRES SRL,R35853329,COM lICURICI,1,2026.07,Operatori mici
XES LOGISTIC SRL,R52460257,Bucure?ti,1,2026.07,Operatori mici
CRISIULIAN TRANS  2005 SRL,R52386444,Com. CUCA,1,2026.07,Operatori mici
ONIX TRANSPORT SRL,R54783173,SECTOR 5,1,2026.07,Operatori mici
REZZA CRIS LOGISTIC,R34357033,Prahova,1,2026.07,Operatori mici
ELFIDA LOGISTIC SRL,R48084367,VOLUNTARI,1,2026.07,Operatori mici
ALY-TRANSMYR SRL,R30875245,Sambateni,1,2026.07,Operatori mici
YLMAZ TRANSPORT ACTIV SRL,R52133697,sector 2,1,2026.07,Operatori mici
CEZ SPEDITION SRL,R30694044,Mitocu Dragomirnei,1,2026.07,Operatori mici
LUCEAFARUL IMPORT-EXPORT SRL,R6857823,Valul lui Traian,1,2026.07,Operatori mici
SIM. KA TRANSPORTI SRL,R38940128,Zau de Campie,1,2026.07,Operatori mici
CRISTI-TRUCKS-TRANS,R22179994,Rasesti,1,2026.07,Operatori mici
CAMPION RIZAC SRL,R18114946,Lunca,1,2026.07,Operatori mici
DUBACKIC TRANSPORT SRL,R26651339,Dinias,1,2026.07,Operatori mici
TIR MADLIN TRANS SRL-D,R35390305,Dranceni,1,2026.07,Operatori mici
LDF-DSN TRANS SRL,R44844338,SECTOR 4,1,2026.07,Operatori mici
SAM SPEDITION SRL,R34199278,RM.VALCEA,1,2026.07,Operatori mici
ERIS AREN LOGISTIC SRL,R47306422,VOLUNTARI,1,2026.07,Operatori mici
MARION CHICKEN SRL,R39562322,sector 3,1,2026.07,Operatori mici
OMT TRANSGRUP SRL,R38219254,SAT SANDULENI,1,2026.07,Operatori mici
MIKAEL GLOBAL TREADING S.R.L.,R46980506,BUCURESTI SECTOR 6,1,2026.07,Operatori mici
ANCA&FLORIN TRANSPORT SRL,R50871221,TUSA,1,2026.07,Operatori mici
PAULANER TRANS-LOGISTIK SRL,R43080240,410559 ORADEA,1,2026.07,Operatori mici
PATY BPM TRANS SRL,R45169078,"POIANA,SUCEAVA,ROMANIA",1,2026.07,Operatori mici
CMS ANASTASIA CARGO CMS,R45541405,BULBUCATA,1,2026.07,Operatori mici
MANOLE TRANS LOGISTICS SRL,R44113745,BREZOAIA,1,2026.07,Operatori mici
BATUHAN TRANSPORT SRL,R47644830,BUCURESTI SECTORUL 6,1,2026.07,Operatori mici
VILDAN CARGO SRL,R47611132,"SATU NOU, MUNTENII DE SUS",1,2026.07,Operatori mici
NICOLA AUTO SPEDITION SRL,R31762872,SAT DRAGANU OLTENI,1,2026.07,Operatori mici
AHDEM LOGISTIK SRL,R47013244,SOS COLENTINA,1,2026.07,Operatori mici
HSG TRANSPORT LOGISTIC CARGO SRL,R47084776,?TEFANE?TII NOI ARGE?,1,2026.07,Operatori mici
RUP TRANSPORTE S.R.L,R48787600,COSULA,1,2026.07,Operatori mici
FRATELLI & CUGINI TRANSPORT S.R.L.,R48434209,SAT DOBROESTI,1,2026.07,Operatori mici
RAZIGAM SRL,R41775799,SAT BROSTENI,1,2026.07,Operatori mici
BLUEBERRY JORAZ SRL,R44824225,SAT LIPIA,1,2026.07,Operatori mici
IUG MD TRANS S.R.L.,R49518596,SAT REDIU,1,2026.07,Operatori mici
DM DERCACI SRL,R42611751,LUNCA BANULUI,1,2026.07,Operatori mici
M & M TRANS TORNADO SRL,R22382688,MERISANI,1,2026.07,Operatori mici
SIG ADES TRANS SRL,R36510833,Rociu,1,2026.07,Operatori mici
ADI SI FLORIN DIVERS TRANS SRL,R40112089,RASCAETI,1,2026.07,Operatori mici
NORD REF TRANS SRL,R46555808,Harlau,1,2026.07,Operatori mici
STICI CARGO SRL,R47906885,Sat Gorban,1,2026.07,Operatori mici
ANDREI DAC-TRANS S.R.L.,R40251389,COSTINESTI,1,2026.07,Operatori mici
ALEX STEF TRANS GLOBAL,R49354167,SAT PETRESTI,1,2026.07,Operatori mici
RAZVI TRANSS SPEDITION SRL,R45434450,Crangurile,1,2026.07,Operatori mici
STEFY&NIC CARGO SRL,R50996624,ROMANII DE SUS,1,2026.07,Operatori mici
A.C.GRAIN SRL,R47532683,SAT COSTULENI,1,2026.07,Operatori mici
GEO CRIS TWENTY-ONE SRL,R47470025,SAT PALTENU,1,2026.07,Operatori mici
SISU DNS SRL,R36707097,SAT HOREZU POENARI,1,2026.07,Operatori mici
PAULO TRANSS SRL,R52030110,"BUCURESTI,SECT.3",1,2026.07,Operatori mici
MOLDTIR TRANS SRL,R49821980,HLINCEA,1,2026.07,Operatori mici
SC B&B EXPEDITION SRL,R50374389,HLINCEA,1,2026.07,Operatori mici
DAVID GABI DINAMIC SRL,R42294866,SAT CORNESTI,1,2026.07,Operatori mici
BER EXPEDITII,R51001515,GIULESTI,1,2026.07,Operatori mici
CST TRANS 2025 SRL,R52821491,SAT REMUS,1,2026.07,Operatori mici
CECAN LUXURY,R49857851,BUCURESTI,1,2026.07,Operatori mici
LUCITRANSPORTITRUCKSRL,R54596116,RAMNICELU,1,2026.07,Operatori mici
SIMPLU SRL,R18203326,"OVIDIU, SAT POIANA",10,2026.07,Operatori medii 1
RALU EUROTRANS EXPRES SRL,R32110168,COM. BALILESTI,10,2026.07,Operatori medii 1
ATES TRANS SRL,R28548829,Balomiru de Camp,10,2026.07,Operatori medii 1
BURLACU BVT INTERNATIONAL TRANSPORT SRL,R30222670,Targoviste,10,2026.07,Operatori medii 1
ALTESSE TRANSPORT & LOGISTIC,R30207017,Pitesti,10,2026.07,Operatori medii 1
ASTANI IMPEX,R51173120,Arad,10,2026.07,Operatori medii 1
HARTMANN SPEED,R51694330,Targu Mures,10,2026.07,Operatori medii 1
MIREL COM SRL,R8536161,Reghin,10,2026.07,Operatori medii 1
STAVERCAR SRL,R46616557,Lipovat,10,2026.07,Operatori medii 1
CONSTRUX SRL,R4802481,Harman,10,2026.07,Operatori medii 1
BMR PROFESSIONAL MANAGEMENT SRL,R30787372,Bucuresti,10,2026.07,Operatori medii 1
MARINE EAST RMN SRL,R29962461,Dumbravita,10,2026.07,Operatori medii 1
DARDENCAR SPEED SRL,R41702630,Bucuresti,11,2026.07,Operatori medii 1
BENIBERTI,R14613706,Volovat,11,2026.07,Operatori medii 1
ROBERT SERV SRL,R16059080,Ceuasu de Cimpie,11,2026.07,Operatori medii 1
RAFAILARH TRUCK SRL,R44319070,Iasi,11,2026.07,Operatori medii 1
BODI SPECIAL LOGISTIC SRL,R36416390,Costesti,11,2026.07,Operatori medii 1
BCVO LOGISTICS SRL,R18065355,Bistrita,11,2026.07,Operatori medii 1
CINCOSIL IMPEX SRL,R9058910,Bucure?ti,11,2026.07,Operatori medii 1
LUK TRANS CONCEPT SRL,R45506033,ORAS VIDELE,12,2026.07,Operatori medii 1
GECKO EUROTOUR,R37995494,"sat Valea Targului, comuna Puscasi",12,2026.07,Operatori medii 1
T.B.T. TRUCK SUPPORT SRL,R29934623,Codlea,12,2026.07,Operatori medii 1
ROM TRANSPORT SRL,R24457000,Calarasi,12,2026.07,Operatori medii 1
EASTSHIP PROJECTS AND LOGISTICS SRL,R34264597,Constanta,12,2026.07,Operatori medii 1
SIM GYM STAR INTERNATIONAL,R27053228,Campulung,12,2026.07,Operatori medii 1
CRISLAV TRANS SPED 2009 SRL,R25164866,Pitesti,12,2026.07,Operatori medii 1
TRANS CARPATI SRL,R4462983,Pitesti,12,2026.07,Operatori medii 1
DALEST TRANS 2007 SRL,R22870344,Pitesti,12,2026.07,Operatori medii 1
LUSSOTRANS PROJECT SRL,R27689609,Iasi,12,2026.07,Operatori medii 1
TIMSERV SRL,R34003397,Iasi,12,2026.07,Operatori medii 1
INCARGO PRIM SRL,R41866714,Iasi,12,2026.07,Operatori medii 1
VOLUM TRANS LOGISTIC SRL,R41874156,Iasi,12,2026.07,Operatori medii 1
MNR TRANS SRL,R17655528,Targu Mures,12,2026.07,Operatori medii 1
SQUADRAINTERNAZIONALE MS SRL,R42057754,Craiova,12,2026.07,Operatori medii 1
ZAHEDY CARGO SPEED SRL,R28264207,Craiova,12,2026.07,Operatori medii 1
RAWA OCTRA TRANS  SRL,R31162320,Iasi,12,2026.07,Operatori medii 1
ALCA STAR EXIM S.R.L,R32288476,Branesti,12,2026.07,Operatori medii 1
STICI PRIM SRL,R43919491,Tomesti,12,2026.07,Operatori medii 1
ALTHAL TRANSPORTS S.R.L.,R45423345,Talmaciu,12,2026.07,Operatori medii 1
APT PRODUCTION SRL,R6535631,Tarlungeni,12,2026.07,Operatori medii 1
FRANCE TRANSIT SRL,R39055354,Bucuresti,12,2026.07,Operatori medii 1
ONCI EUROTRANS 96 SRL,R8078650,Bucuresti,12,2026.07,Operatori medii 1
SEVDE TRANS SRL,R33038478,Selimbar,12,2026.07,Operatori medii 1
SOTRACOM SRL,R6761450,Sibiu,2,2026.07,Operatori mici
J.S LOGISTC TRANSPORTE SRL,R6180113,Sibiu,2,2026.07,Operatori mici
SAMTEX SA,R686457,Jibou,2,2026.07,Operatori mici
PRODRIVE SPEDITION SRL,R53882721,Zalau,2,2026.07,Operatori mici
TRANSPORTURI AUTO TEI SA,R213,Bucuresti,2,2026.07,Operatori mici
ATS BURTRANS LOGISTIC SRL,R44258118,Bucuresti,2,2026.07,Operatori mici
CAUCASUS TRANSPORT SRL,R51872187,Bucuresti,2,2026.07,Operatori mici
SELECT AUTO TRANSPORT SRL,R49230282,Bucuresti,2,2026.07,Operatori mici
ALADAG GRUP SRL,R48379228,Bucuresti,2,2026.07,Operatori mici
SAD LOJISTIK SRL,R50770863,Bucuresti,2,2026.07,Operatori mici
STECOMTECH MOBILE SRL,R43239169,Bucuresti,2,2026.07,Operatori mici
GREEN FLOWERS GARDEN SRL,R37489900,Bucuresti,2,2026.07,Operatori mici
LUMFA TRANS SRL,R22550382,Bucuresti,2,2026.07,Operatori mici
CCA INTERNATIONAL TRANSPORT LOGISTIC SRL,R46560987,Bucuresti,2,2026.07,Operatori mici
BEKIR POYRAZ TRANS SRL,R48840010,Bucuresti,2,2026.07,Operatori mici
KILIC INTERNATIONAL TRANSPORT SRL,R46193317,Bucuresti,2,2026.07,Operatori mici
GREENWAY TRANS SRL,R48041331,Bucuresti,2,2026.07,Operatori mici
AVALUX GROUP SRL,R47597887,Bucuresti,2,2026.07,Operatori mici
IONUTALSTRANS SRL,R45845790,Bucuresti,2,2026.07,Operatori mici
ELNA TRADING SRL,R9976187,Bucuresti,2,2026.07,Operatori mici
M.C. TRUCK TRANS SRL,R10161276,Bucuresti,2,2026.07,Operatori mici
ALPHA DENTRUCK COMPANY SRL,R37227739,Deta,2,2026.07,Operatori mici
SC.VERY IUSTY SPEDITION.SRL,R33776211,Suceava,2,2026.07,Operatori mici
EXPRESS NORD LINE SRL,R43453293,Suceava,2,2026.07,Operatori mici
KOPERTTA SRL,R25619402,Gura Humorului,2,2026.07,Operatori mici
AVIANOVUS MASTER SRL,R34840703,Oradea,2,2026.07,Operatori mici
CRISPOP BUCOVINA TRANSPORT SRL,R37492441,Scheia,2,2026.07,Operatori mici
DURAN TRANSPORT SRL,R48976293,Patrauti,2,2026.07,Operatori mici
DENY&SEBY EXPRESS SRL,R47472360,Ostra,2,2026.07,Operatori mici
CRISTIANO EXPRESS SRL,R36199622,Radauti,2,2026.07,Operatori mici
KRIST MARIUS TRANSPORT SRL,R39582729,Prundu,2,2026.07,Operatori mici
RAGANT TRANS JUNIOR SRL,R38019604,Topoloveni,2,2026.07,Operatori mici
TRANS LKW DINAMIC,R46834772,Topoloveni,2,2026.07,Operatori mici
ARIANA EXPEDITION LKW&PKW,R48250974,Santana,2,2026.07,Operatori mici
ADYS TRUCK LOGISTICS SRL,R33712455,Talmaciu,2,2026.07,Operatori mici
NEV SEED TRANSPORT SRL,R52197879,Talmaciu,2,2026.07,Operatori mici
PAN TRANSPORT LOGISTIK S.R.L.,R49666274,Talmaciu,2,2026.07,Operatori mici
EXPRESS AGABARITIC SRL,R36480546,Valea Lunga,2,2026.07,Operatori mici
EZAKIMAK TRANS SRL,R30657828,Gorban,2,2026.07,Operatori mici
GS MERET TIR,R31262290,Tomesti,2,2026.07,Operatori mici
MINCEV  INTER SPEDITION SRL,R43445258,Valenii de Munte,2,2026.07,Operatori mici
KOCHEX LOGISTICS SRL,R54018988,Talmaciu,2,2026.07,Operatori mici
DEN MAR OSMAN SPEDITION,R39792852,Visina,2,2026.07,Operatori mici
MADO SRL,R1774336,Oarda,2,2026.07,Operatori mici
FATIH GLOBAL LOJISTIK SRL,R53904056,Pecica,2,2026.07,Operatori mici
AVEN SRL,R51920101,Stefanesti de Jos,2,2026.07,Operatori mici
VDS TRANSGAZ RMW SRL,R46292728,Lipovat,2,2026.07,Operatori mici
TRUCK TRANS LKW SRL,R47937326,Vaslui,2,2026.07,Operatori mici
PROCONTAINER  SRL,R49705551,Vaslui,2,2026.07,Operatori mici
DEN&OL&TRANS SRL,R37101888,Vaslui,2,2026.07,Operatori mici
VALI TRUCKS TRANS SRL,R44806539,Vaslui,2,2026.07,Operatori mici
DISPOVER TRANSPORT SRL,R27274679,Ramnicu Valcea,2,2026.07,Operatori mici
ABL ALTINOK SRL,R50140230,Ramnicu Valcea,2,2026.07,Operatori mici
BBC TRANZIT LOGISTIC S.R.L,R43352590,Ramnicu Valcea,2,2026.07,Operatori mici
JETNAKLIYAT LOJISTIK SRL,R48783829,Bragadiru,2,2026.07,Operatori mici
AYBAM TRADE LOGISTIK SRL,R52188331,Chiajna,2,2026.07,Operatori mici
EKREM CAKIR MSC LOGISTICA SRL,R51232293,Afumati,2,2026.07,Operatori mici
EURO EFIM EXPRES SRL,R29774778,Iasi,2,2026.07,Operatori mici
BONGROUP TRANS,R31098490,Iasi,2,2026.07,Operatori mici
MONIFLOR DARY TRANS SRL,R40795232,Dascalu,2,2026.07,Operatori mici
CONSTANT TRANS IDEAL SRL,R38887830,Dragomiresti Vale,2,2026.07,Operatori mici
LAMBU 96 SRL,R8868268,Slivilesti,2,2026.07,Operatori mici
VLADAUD-SOFTRANS SRL,R37746531,Galati,2,2026.07,Operatori mici
STEF ROM SIM TRANS,R44404639,Cartojani,2,2026.07,Operatori mici
MOTOPIL TRANS SRL,R27295825,Targu Carbunesti,2,2026.07,Operatori mici
AHLAT AYBER SRL,R24815664,Ilia,2,2026.07,Operatori mici
BUFET BETERO SRL,R493405,Ditrau,2,2026.07,Operatori mici
EXPEDITION SHELEVER SRL,R38619994,Coltau,2,2026.07,Operatori mici
MRS TRANS EUROPE SRL,R49847351,Jina,2,2026.07,Operatori mici
TRANSUF S.R.L.,R24031551,Poiana Sibiului,2,2026.07,Operatori mici
SAF EUROSERVTRANS S.R.L.,R16270639,Slatina,2,2026.07,Operatori mici
MAGENTA WAY SRL,R17897912,Campina,2,2026.07,Operatori mici
DIMATRANS LOGISTICS SRL,R39469968,Iasi,2,2026.07,Operatori mici
TEADA LOGISTIC SRL,R42633148,Iasi,2,2026.07,Operatori mici
D&D SOLTRANS LOGISTIK SRL,R44413220,Iasi,2,2026.07,Operatori mici
VERMIR-TRANS S.R.L,R47503157,Iasi,2,2026.07,Operatori mici
ELIDORA,R12203475,Iasi,2,2026.07,Operatori mici
BEGTRANSPROJECT SRL,R49461490,Iasi,2,2026.07,Operatori mici
SAFETRANS-VF SRL,R32817011,Iasi,2,2026.07,Operatori mici
GAS GIANT SRL,R49955043,Iasi,2,2026.07,Operatori mici
MOTORLIFE TRANS MCN,R44430425,Iasi,2,2026.07,Operatori mici
SEBI TRANS STAR JUNIOR SRL,R31077926,Pitesti,2,2026.07,Operatori mici
LARIANA STAR SPEED SRL,R31007335,Pitesti,2,2026.07,Operatori mici
ANDRADA TRUCK SPEDITION SRL,R39770897,Pitesti,2,2026.07,Operatori mici
SPEED CARGO CONCEPT SRL,R35798321,Pitesti,2,2026.07,Operatori mici
NICOLE EXIM SPEDITION SRL,R29428847,Pitesti,2,2026.07,Operatori mici
SND FREIGHT TRANS SRL,R35142474,Arad,2,2026.07,Operatori mici
YANIS FRIGO LOGISTIK SRL,R53072334,Pitesti,2,2026.07,Operatori mici
SOLO LOGISTIC SRL,R49648421,Arad,2,2026.07,Operatori mici
SC AR GLOBAL TRANSPORT SRL,R50312378,Bacau,2,2026.07,Operatori mici
NCT22 SRL,R50314930,Bacau,2,2026.07,Operatori mici
ANASTASIA TRANS LIVE STOCK,R41770279,Arad,2,2026.07,Operatori mici
SC.TRADER EXPEDITIE SRL,R28080662,Arad,2,2026.07,Operatori mici
GMB FLEET TRUCKING SRL,R49693783,Calinesti,2,2026.07,Operatori mici
DA & ALI LOGISTIC SPED,R36975480,Cateasca,2,2026.07,Operatori mici
DOBOLYS LOGISTICS & DISTRIBUTION SRL,R31692386,Calinesti,2,2026.07,Operatori mici
AMON DINAMIC SRL,R39902084,Alba Iulia,2,2026.07,Operatori mici
CARGO VAC EXPRESS SRL,R49910378,Mosoaia,2,2026.07,Operatori mici
AYAN EXPRESS SPEDITION,R36510850,Mioveni,2,2026.07,Operatori mici
TERA BYT STAR,R24156938,Pitesti,2,2026.07,Operatori mici
BOX TRANSIT LINE,R40496729,Mioveni,2,2026.07,Operatori mici
MSM CRIHAN TRANSPORT LOGISTIC SRL,R40292460,Curtea de Arges,2,2026.07,Operatori mici
CLD DIANA BEST TRANS SRL,R25878300,Pitesti,2,2026.07,Operatori mici
YANIS CARGO SPEDITION SRL,R44832660,Pitesti,2,2026.07,Operatori mici
COS QUICK TRANS SRL,R33581961,Pitesti,2,2026.07,Operatori mici
ROMHSER GLOBAL LOGICTICS SRL,R30986553,Pitesti,2,2026.07,Operatori mici
RAZVAN EXPRES LOGISTIC SRL,R49357996,Mioveni,2,2026.07,Operatori mici
ADAM WORLD EMPIRE,R46286289,Constanta,2,2026.07,Operatori mici
BARONU SI FII TRANS,R48002464,Gura Foii,2,2026.07,Operatori mici
JOHN TRANSLOGISTICS SRL,R44205830,Petresti,2,2026.07,Operatori mici
TOR TRANS SRL,R23390611,Cluj Napoca,2,2026.07,Operatori mici
ALMOND ACTIV LOGISTIC SRL,R40462254,Maracineni,2,2026.07,Operatori mici
B.N. FIDES SPEED,R27943382,Brasov,2,2026.07,Operatori mici
IURYDMVI-TRANS S.R.L.,R45072090,Corni,2,2026.07,Operatori mici
TRANSMAR TRANSPORTURI INTERNATIONALE,R23091199,Bistrita,2,2026.07,Operatori mici
ULY & DAV SPEDITION SRL,R37296755,Hemeiusi,2,2026.07,Operatori mici
REMTRANS SRL,R14218316,Brasov,2,2026.07,Operatori mici
GAL S.L. SPEDITION SRL,R14293210,Brasov,2,2026.07,Operatori mici
KJNEXPRESS,R43940760,Braila,2,2026.07,Operatori mici
BEGOGLY GLOBAL TRANSPORT LOGISTIC SRL,R49263735,"Bucuresti, sector 3",2,2026.07,Operatori mici
NWZ UNIC TRANS SRL,R40349981,Slobozia,2,2026.07,Operatori mici
ALEX MARIA TRANS SRL,R46065830,Slobozia,2,2026.07,Operatori mici
RAUL & ANDREEA SPEED,R36314810,Slobozia,2,2026.07,Operatori mici
FLORIN & ELA SRL,R16079303,Com. BATARCI,2,2026.07,Operatori mici
AS74 TRANS EXPRES GLOBAL SRL,R49012385,"Bucuresti,sector 1",2,2026.07,Operatori mici
GAV TRUCK BEST SRL,R41049044,FORASTI,2,2026.07,Operatori mici
ZIPTRANS SRL,R49950046,BUCURESTI SECTOR 5,2,2026.07,Operatori mici
AUTO MILI SRL,R20923060,"Bucuresti,sector 1",2,2026.07,Operatori mici
JAGUAR TRUCK SRL,R40979790,"Bucuresti,sector 1",2,2026.07,Operatori mici
NELUAUTOTRANS SRL,R52750234,"Lunca Cetatuii,comuna Ciurea",2,2026.07,Operatori mici
CARGO SPEDITION YOZ SRL,R35102151,hartiesti,2,2026.07,Operatori mici
EUROCIS LOGISTIC SRL,R49721654,Bucuresti sect. 2,2,2026.07,Operatori mici
ALEX MIOCRIS TRANS SRL,R40607916,CIOFRANGENI,2,2026.07,Operatori mici
OKAN TRANS GLOBAL SRL,R44448953,"Bucuresti, Sector 4",2,2026.07,Operatori mici
IOMAR LOGISTIC CONCEPT SRL,R40376595,SCURTU MARE,2,2026.07,Operatori mici
TARLEV TRANS SRL,R42367577,"Sat Miroslava,Comuna Miroslava",2,2026.07,Operatori mici
MARIO SMART LOGISTIC SRL,R34925621,Titesti,2,2026.07,Operatori mici
CAPTIVA EXPRES,R34978367,COMUNA BASCOV,2,2026.07,Operatori mici
DOMI TRANS SRL,R48760280,com. Dobroiesti sat. Fundeni,2,2026.07,Operatori mici
ESMER TRUCKS SRL,R47314107,VOLUNTARI,2,2026.07,Operatori mici
ADEM LOGISTIC FAST TRANSPORT SRL-D,R47211705,"Bucuresti, sector 2",2,2026.07,Operatori mici
ABT LOGISTICA SRL,R50520972,"Bucuresti, sector 2",2,2026.07,Operatori mici
AL RO COMPANY SRL,R25519101,Ve?tem,2,2026.07,Operatori mici
SC CLAUCRIS STARSERV SRL,R45534211,IANOSDA,2,2026.07,Operatori mici
TBM GROUP SRL,R51808486,"BUCURESTI, SECTOR 6",2,2026.07,Operatori mici
RADAUTO SRL,R24571152,Copacel,2,2026.07,Operatori mici
TOMIS EXPRESS CARGO SRL,R46293740,Rasesti,2,2026.07,Operatori mici
ARA TRANS S.R.L.,R18986082,Mitocu Dragomirnei,2,2026.07,Operatori mici
LAURA&MARIO SRL,R20690304,Tulca,2,2026.07,Operatori mici
ATACO CONSTRUCT SRL,R46353108,VINTU DE JOS,2,2026.07,Operatori mici
TIME CAR TRANS SRL,R26276736,SAT BRADESTII BATRÂNI,2,2026.07,Operatori mici
TIRAMIR TRANS SRL,R25753373,ARCANI,2,2026.07,Operatori mici
VINAMCHEP TRANSPORT SRL,R36733606,COM. SOLESTI,2,2026.07,Operatori mici
CVO CEREAL TRANSPORT SRL,R42492413,SISCANI,2,2026.07,Operatori mici
SMART GLOBAL LOGISTICS,R41220577,BUCHAREST,2,2026.07,Operatori mici
VDS TRANSPORT SRL,R49221039,GROSI,2,2026.07,Operatori mici
SEANA TRANSPORT S.R.L.,R45481311,Harlau,2,2026.07,Operatori mici
VIMAVIO TRANS SRL,R25914372,SAT BROSTENI,2,2026.07,Operatori mici
PIRI SPEED TRANS,R50505620,SAT VISINA,2,2026.07,Operatori mici
UTAN IMPEX SERV SRL,R37701033,LOC. BARSANA,2,2026.07,Operatori mici
RASTRANS SI SERVICII SRL,R39161886,COROIENI,2,2026.07,Operatori mici
TRANS DEMY LIUBOV S.R.L,R42931128,Brehuiesti,2,2026.07,Operatori mici
ALESSIA STARTSPEED S.R.L.,R39793270,Rociu,2,2026.07,Operatori mici
FAVORITEN BBO SRL,R36811666,Barlad,2,2026.07,Operatori mici
VADALEXTRANS SRL,R45963396,SAT SCHEIA,2,2026.07,Operatori mici
AKTRANS SRL,R50626818,TAMASI,2,2026.07,Operatori mici
GLOBAL SPEED TRANS SRL,R51284748,SAT BALOTESTI,3,2026.07,Operatori mici
EURO TRUCKLINE  SERVICES SRL,R50279778,SMEURA,3,2026.07,Operatori mici
BIG STORY IMPORT-EXPORT SRL,R45940554,Barlad,3,2026.07,Operatori mici
MOLDTRANSAUTO SRL,R43973733,Madarjesti,3,2026.07,Operatori mici
M&G FERM AGRO SRL,R18237108,COM.PLOPII SLAVITESTI,3,2026.07,Operatori mici
HVV AUTOTRANSPORT SRL,R43109746,Harlau,3,2026.07,Operatori mici
ALSOFTRANS LOGISTICS SRL,R45259103,PALTINI?,3,2026.07,Operatori mici
VICTORPUP CONSTRUCT M&G SRL,R36195060,TATARASTII DE JOS,3,2026.07,Operatori mici
LOKSPED SRL,R43113160,DUMBRAVI?A,3,2026.07,Operatori mici
IDC SRL,R42508420,DROBETA TURNU-SEVERIN,3,2026.07,Operatori mici
ROTOLDO SPEDITION SRL,R37494094,Mitocu Dragomirnei,3,2026.07,Operatori mici
SAYEN INTERTRANS SRL,R43620456,"Bucuresti, sector 2",3,2026.07,Operatori mici
BROKER GROUP SOLUTION SRL,R35512747,"Bucuresti, sector 2",3,2026.07,Operatori mici
AMA & ALE TRUCK SRL,R37681114,"Bucuresti ,sector4",3,2026.07,Operatori mici
IN-NATALIA TOP INVEST,R42391192,"Bucuresti,sector 3",3,2026.07,Operatori mici
IDEAL SPEED  TRANS SRL,R36096791,"bucuresti,sector 4",3,2026.07,Operatori mici
TAYLAN LOGISTIC SRL,R52275357,"Bucuresti, sector 2",3,2026.07,Operatori mici
GTS FAST LOGISTIC,R47050161,"BUCURESTI , SECTOR 5",3,2026.07,Operatori mici
AFY TRANS SRL,R50081974,Braila,3,2026.07,Operatori mici
K8 TRANSPORT SOLUTIONS SRL,R44211204,Brasov,3,2026.07,Operatori mici
DEFNE IMPORT EXPORT S.R.L.,R4077805,Brasov,3,2026.07,Operatori mici
ROMAGERO SRL,R23321980,Nojorid,3,2026.07,Operatori mici
MARDOR SEB SRL,R24354030,Darabani,3,2026.07,Operatori mici
CORLIPAN S.R.L.,R25758427,Brasov,3,2026.07,Operatori mici
GO SPED IMPORT EXPORT SRL,R5993320,Sfantu Gheorghe,3,2026.07,Operatori mici
LKV CRISTIAN TUNEA SRL,R32340523,Caransebes,3,2026.07,Operatori mici
HEMRA LOGISTIC SRL,R50022560,Constanta,3,2026.07,Operatori mici
RAUF LOGISTIC,R42772960,Pitesti,3,2026.07,Operatori mici
MARIAN CATA COMPANY 2008 SRL,R23179500,Mihaesti,3,2026.07,Operatori mici
KATA & DYA SPEED LOGISTIC SRL,R38489932,Curtea de Arges,3,2026.07,Operatori mici
VALENTIN TRANSPORT 2008 SRL,R23147567,Mioveni,3,2026.07,Operatori mici
DOBOLYS DISTRIBUTION SRL,R24818334,Calinesti,3,2026.07,Operatori mici
KRK TRANSPRORT SRL,R47561115,Arad,3,2026.07,Operatori mici
PREMIUM EXPRESS SRL,R27236535,Bacau,3,2026.07,Operatori mici
ARYAUTO EXCLUSIV SRL,R46076015,Pitesti,3,2026.07,Operatori mici
SC AP PREDAN SPEDITION SRL,R35650332,Pitesti,3,2026.07,Operatori mici
STASCRIS TRANS LOGISTIC SRL,R32489313,Pitesti,3,2026.07,Operatori mici
KLX CARGO OLIMP,R40507399,Pitesti,3,2026.07,Operatori mici
CORYMAR TERMO ENERGY SRL,R24232440,Pitesti,3,2026.07,Operatori mici
V & H TRANSCOMPANY SRL,R49352247,Iasi,3,2026.07,Operatori mici
MMM TRANS SERVICE SRL,R48431725,Iasi,3,2026.07,Operatori mici
NAR TRANS INTERNATIONAL SRL,R39732214,Baia Mare,3,2026.07,Operatori mici
CONEF SRL,R4423429,Baia Mare,3,2026.07,Operatori mici
CIPTRANS INTERNATIONAL SRL,R27584076,Iernut,3,2026.07,Operatori mici
NATGOR EXPRESS SRL,R44951385,Iasi,3,2026.07,Operatori mici
CARGOWAY SRL,R48028545,Iasi,3,2026.07,Operatori mici
PLACON AVANTAJ SRL,R18703585,Iasi,3,2026.07,Operatori mici
TRANSUNICA SRL,R50437096,Iasi,3,2026.07,Operatori mici
EVAL TRANSPORT SRL,R48409035,Slatina,3,2026.07,Operatori mici
SAH PROD METEOR,R14244978,Filipestii de Padure,3,2026.07,Operatori mici
COMAN AGRO INDUSTRIAL SRL,R44130681,Mizil,3,2026.07,Operatori mici
MIRACRIS TRANS SRL,R19657304,Targu Mures,3,2026.07,Operatori mici
HARTMAN CAR WASH SRL,R26489742,Targu Mures,3,2026.07,Operatori mici
PRE CARGO WAY,R49491768,Draganesti Olt,3,2026.07,Operatori mici
DETROIT CITY IMPORT EXPORT SRL,R6536548,Ditrau,3,2026.07,Operatori mici
DLC STORE AGRO S.R.L.,R40840171,Giurgiu,3,2026.07,Operatori mici
POST DIMTRANS SRL,R32040534,Galati,3,2026.07,Operatori mici
JUSTIN SPEDITIONS SRL,R33790836,Craiova,3,2026.07,Operatori mici
BSG INVEST OIL,R36319770,Chicerea,3,2026.07,Operatori mici
TRANSALI COMPANY SRL,R15101526,Iasi,3,2026.07,Operatori mici
RAIGHENTRANS SRL,R33853136,Iasi,3,2026.07,Operatori mici
GREENLINE LOJISTIK SRL,R49553879,Bragadiru,3,2026.07,Operatori mici
MIMI EXPEDITION SRL,R45515864,Bragadiru,3,2026.07,Operatori mici
SIGMA LOGISTICS & SPEDITION SRL,R50874872,Clinceni,3,2026.07,Operatori mici
DEVIN LOGISTICS&SERVICES SRL,R48463174,Ramnicu Valcea,3,2026.07,Operatori mici
KURT TRANS SRL,R44382727,Bolotesti,3,2026.07,Operatori mici
DAROANATOLINA SRL,R44217576,Vaslui,3,2026.07,Operatori mici
ADE INVEST LOGISTIC SRL,R43353553,Vaslui,3,2026.07,Operatori mici
ALESTA EXPRESS S.R.L,R52410810,Voluntari,3,2026.07,Operatori mici
TRANS SEZ GIN SRL,R44933540,Voluntari,3,2026.07,Operatori mici
IGNI TRUCKS TRANS SRL,R44282434,Dranceni,3,2026.07,Operatori mici
ANDU INTERTRANS SRL,R38035375,Vulturesti,3,2026.07,Operatori mici
GIRO MARA CONCEPT  S.R.L,R40474399,Vulturesti,3,2026.07,Operatori mici
BERKAN B&S SPEED LOGISTIC S.R.L.,R46839826,Talmaciu,3,2026.07,Operatori mici
HUANITA TRANS IMPEX SRL,R3553714,Turda,3,2026.07,Operatori mici
ANDREI TRANS COMPLEX SRL,R18552580,Pascani,3,2026.07,Operatori mici
TRICOTEX AG IMPEX SRL,R432734,Roata de Jos,3,2026.07,Operatori mici
CMS GLOBAL LOJISTIK SRL,R51096302,Tileagd,3,2026.07,Operatori mici
SERMIH CARGO S.R.L.,R41072055,Tilecus,3,2026.07,Operatori mici
VASY STRONG SOLUTIONS SRL,R40708953,Teius,3,2026.07,Operatori mici
NORDHAUS TRANS SRL,R41650590,Radauti,3,2026.07,Operatori mici
A-LINE SRL,R35002942,Radauti,3,2026.07,Operatori mici
AMAFLOR SRL,R19069053,Oradea,3,2026.07,Operatori mici
DEGHEL TRANS SRL,R16122292,Iaslovat,3,2026.07,Operatori mici
BANAT OVINEX S.R.L.,R13169835,Buzias,3,2026.07,Operatori mici
SC KEYJ TM SRL,R37773358,Timisoara,3,2026.07,Operatori mici
RIODA TRANS SRL,R29893027,Timisoara,3,2026.07,Operatori mici
BEST FRUIT UNION SRL,R24610120,Bucuresti,3,2026.07,Operatori mici
ANDAV TRUCKING SRL,R35370200,Falticeni,3,2026.07,Operatori mici
BALAS SPEDITION SRL,R30508370,Bucuresti,3,2026.07,Operatori mici
DAUD TRANSPORT SRL,R30528432,Badeuti,3,2026.07,Operatori mici
DALOCRIS SRL,R28842670,Sibiu,3,2026.07,Operatori mici
SAMUEL SRL,R780003,Poiana Sibiului,3,2026.07,Operatori mici
NIDMAGO TEAM TRANS SRL,R37086494,Badeuti,4,2026.07,Operatori mici
SOVTRANS SRL,R10334261,Bucuresti,4,2026.07,Operatori mici
AGRIMPEX 2000 S.R.L.,R1284393,Bucuresti,4,2026.07,Operatori mici
DEMIRCI LOJISTIC TRANSPORT SRL,R45743056,Bucuresti,4,2026.07,Operatori mici
SPEED BROKER SRL,R35950348,Bucuresti,4,2026.07,Operatori mici
DUMBRAVIOARA,R747473,Dumbraveni,4,2026.07,Operatori mici
EURO LOGISTIQUE SRL,R49085204,Bucuresti,4,2026.07,Operatori mici
VISAN TRANS SPEDITION SRL,R25537841,Bucuresti,4,2026.07,Operatori mici
MARSIM TRANSPORT LOGISTIC SRL,R27553126,Bucuresti,4,2026.07,Operatori mici
VIKING MEDIA,R31503819,Bucuresti,4,2026.07,Operatori mici
YCA OLISPEED SRL,R37340540,Suceava,4,2026.07,Operatori mici
AGROMEOSPED SRL,R40722605,Oradea,4,2026.07,Operatori mici
ARNETY TRANS SRL,R21877131,Oradea,4,2026.07,Operatori mici
ELVATRANS SPEDITION SRL,R21186454,Radauti,4,2026.07,Operatori mici
VAINA TRANS SRL,R40022504,Sanmartin,4,2026.07,Operatori mici
VIVASIM SRL,R21234721,Lugasu de Jos,4,2026.07,Operatori mici
LKW TIB-LOGISTIC,R46836510,Visina,4,2026.07,Operatori mici
CATALINA SPEED TRANSPORT SRL,R42824180,Visina,4,2026.07,Operatori mici
DELYFLOR APOSTOL SRL,R29554020,Valenii de Munte,4,2026.07,Operatori mici
MOLD NIR TRANS SRL,R34969407,Stefanestii de Jos,4,2026.07,Operatori mici
GID TRANS IMPEX SRL,R7022235,Seini,4,2026.07,Operatori mici
LUCIDAN GLOBER TIR SRL,R45415822,Vaslui,4,2026.07,Operatori mici
DEN IL CRIS FRIGOTRANS SRL,R42888192,Vaslui,4,2026.07,Operatori mici
ALTAN EXPRESS LOGISTIK SRL,R47207739,Bragadiru,4,2026.07,Operatori mici
GHS LOJISTIK GLOBAL RELOCATIONS SRL,R48844039,Bragadiru,4,2026.07,Operatori mici
ECRIPAM SRL,R25874723,Galati,4,2026.07,Operatori mici
EUROPACO TRANS S.R.L,R28619814,Galati,4,2026.07,Operatori mici
IONUALICOM 1821 SRL,R41084580,Negomir,4,2026.07,Operatori mici
RDT & AG INTERNATIONAL. SRL,R35222514,Piatra Neamt,4,2026.07,Operatori mici
RPD TRANS RUS SRL,R8886264,Targu Mures,4,2026.07,Operatori mici
HARD'WHEELS TRANS SRL,R27803680,Iasi,4,2026.07,Operatori mici
IONUT&MONICA SPEDITION,R49312137,Nazna,4,2026.07,Operatori mici
FEDE WHEELS SRL,R29901847,Baia Mare,4,2026.07,Operatori mici
GEROXYM TRAVEL SPEDITION,R41936780,Baia de Arama,4,2026.07,Operatori mici
MILENIUM LINE LOGISTIC,R43893650,Iasi,4,2026.07,Operatori mici
AIRAM TASIM EXPRESS SRL,R35829673,Pitesti,4,2026.07,Operatori mici
TRANSVLAD OLIMPIC SRL,R36948770,Pitesti,4,2026.07,Operatori mici
PATRICKS WHEELS SRL,R35496129,Pitesti,4,2026.07,Operatori mici
ARAM GRUP SRL,R51927762,Alba Iulia,4,2026.07,Operatori mici
ABC TOTAL SPEDITION SRL,R47078421,Bascov,4,2026.07,Operatori mici
M.E.C.A TRANS GENERAL S.R.L,R19099119,Mioveni,4,2026.07,Operatori mici
DEEA DENYS MARA TRANS,R38146063,Oarja,4,2026.07,Operatori mici
SPERANTA E.L SRL,R3704230,Blaj,4,2026.07,Operatori mici
ANDRES VEKTOR SRL,R26802601,Pitesti,4,2026.07,Operatori mici
EMIL-TRANS,R18287572,Sfantu Gheorghe,4,2026.07,Operatori mici
EURO TRANS-ROUTE SRL,R24681686,Brasov,4,2026.07,Operatori mici
MARIAN & FLORIAN COMEXIM SRL,R5548099,Cluj Napoca,4,2026.07,Operatori mici
R&R HAULIER SOLUTIONS SRL,R39344468,Braila,4,2026.07,Operatori mici
BI AUTOLUX S.R.L.,R46559079,SECTOR 1,4,2026.07,Operatori mici
CONTINENTAL CARGO BROKER SRL,R32935351,"Bucuresti,sector 1",4,2026.07,Operatori mici
SAM DOR DIVERS SRL,R19138501,COMUNA BASCOV,4,2026.07,Operatori mici
MIHAI & DARIA LOGISTIC SRL,R39673550,Com. CUCA,4,2026.07,Operatori mici
TOMROB SPEED SRL,R47323261,SAT BERCENI,4,2026.07,Operatori mici
FENYFRIGOTRANS SRL,R44678618,METES,4,2026.07,Operatori mici
GLOBAL KID SRL,R41096054,MOGOS,4,2026.07,Operatori mici
I3 BPD.R.O. TRANSPORT SRL,R48461637,BUCURESTI,4,2026.07,Operatori mici
TAURUS LOJISTIK SRL,R51015626,BUCURESTI SECTOR 4,5,2026.07,Operatori mici
TRANSAGAL LOGISTIC,R37354945,410559 ORADEA,5,2026.07,Operatori mici
SC ELIOTRAX SRL,R52352328,LUNCANI,5,2026.07,Operatori mici
MAREX TRANS SRL,R23131587,Tg-Mures,5,2026.07,Operatori mici
FX LOGISTICS SRL,R49306518,COSTULENI,5,2026.07,Operatori mici
YSF LOGISTIC SRL,R54574991,Bucuresti - Sectorul 3,5,2026.07,Operatori mici
VLADIMIR TRANS INTERNATIONAL SRL,R19046432,Brasov,5,2026.07,Operatori mici
CARGO SRL,R15070268,Buzau,5,2026.07,Operatori mici
B&B FLEET,R43342376,Buzau,5,2026.07,Operatori mici
SC SONDY SHOP SRL,R38427166,Brasov,5,2026.07,Operatori mici
SRS DANI MOLDOTRANS SRL,R43575584,Resita,5,2026.07,Operatori mici
SRG-PARK S.R.L,R24706675,Gura Sutii,5,2026.07,Operatori mici
ALI & DIA MUNTEAN TRANS SRL,R36597857,Moldova Noua,5,2026.07,Operatori mici
SOFIA TUR SRL,R35069349,Constanta,5,2026.07,Operatori mici
AMICII CAR TRANS SRL,R32104948,Pitesti,5,2026.07,Operatori mici
GEORGIA AUTOSPEDITION,R18351390,Alba Iulia,5,2026.07,Operatori mici
AGNES INTERNATIONAL SPEDITION SRL,R44323330,Pitesti,5,2026.07,Operatori mici
COVCARS BUSINESS SRL,R32446924,Pitesti,5,2026.07,Operatori mici
YOLCU TRANSPORT LOGISTIK SRL,R42282110,Arad,5,2026.07,Operatori mici
DECOSTONE,R13621506,Arad,5,2026.07,Operatori mici
SC RADIALE TUR SRL,R39560429,Baia Mare,5,2026.07,Operatori mici
NIK CARGO EUROPE SRL,R46370699,Iasi,5,2026.07,Operatori mici
TRANSTISA TOP SRL,R7130148,Sancraiu de Mures,5,2026.07,Operatori mici
GVT CARGO & LOGISTICS,R47463630,Craiova,5,2026.07,Operatori mici
BENZO SRL,R6754500,Miercurea Ciuc,5,2026.07,Operatori mici
DISOFI SPEDITION SRL,R44237441,Vaslui,5,2026.07,Operatori mici
OL&TA EXPRESS GROUP S.R.L,R45159031,Satu Nou,5,2026.07,Operatori mici
EFES GLOBAL SRL,R48196042,Mangalia,5,2026.07,Operatori mici
DOLFY STAR SRL,R10186653,Sebes,5,2026.07,Operatori mici
MARA TRANS LOGISTIC SRL,R26532150,Sura Mare,5,2026.07,Operatori mici
YK FRIGO SRL,R50353343,Vladimirescu,5,2026.07,Operatori mici
ORIENT,R739128,Radauti,5,2026.07,Operatori mici
DIALAND SRL,R30156436,Oradea,5,2026.07,Operatori mici
R&V TRANSPORT SRL,R36764653,Suceava,5,2026.07,Operatori mici
SC MARILAS TRANS SRL,R33290067,Suceava,5,2026.07,Operatori mici
SEBA BC SPEDITION,R18480246,Dumbravita,5,2026.07,Operatori mici
SARICICEK LOGISTIC SRL,R48553960,Bucuresti,5,2026.07,Operatori mici
PFENNING DISTRIBUTIE SRL,R16473951,Bucuresti,5,2026.07,Operatori mici
EUROTANK2008 SRL,R24660950,Ardud,5,2026.07,Operatori mici
IVROM LOGISTIC INTERNATIONAL,R36872159,Sibiu,6,2026.07,Operatori mici
DAAC TRUCKS,R23176090,Bucuresti,6,2026.07,Operatori mici
ANTONY TRANS COMIMPEX SRL,R12052909,Bucuresti,6,2026.07,Operatori mici
ANDREEA LOGISTIC & SPEDITION SRL,R17345799,Bucuresti,6,2026.07,Operatori mici
AMBERGLOSUNG LOGISTIC S.R.L,R47135969,Oradea,6,2026.07,Operatori mici
IUDIT TRANS SRL,R14598886,Radauti,6,2026.07,Operatori mici
CAR LOGISTIC TRANSPORT S.R.L.,R22613081,Sanpetru,6,2026.07,Operatori mici
ARDENIZ LINE SRL,R46987830,Vaslui,6,2026.07,Operatori mici
BIO INDLACT SRL,R30771392,Ramnicu Valcea,6,2026.07,Operatori mici
ADER GLOBAL LOGISTIC SRL,R46207935,Bragadiru,6,2026.07,Operatori mici
IUSER-CARGO SRL,R28574321,Iasi,6,2026.07,Operatori mici
ROMIVA SPEDITION VRM SRL,R40047940,Galati,6,2026.07,Operatori mici
AVANT DRIVE GROUP SRL,R40799765,Iasi,6,2026.07,Operatori mici
TRANSGLOBAL SYSTEM SRL,R40400057,Iasi,6,2026.07,Operatori mici
NAMAL EXPRESS SRL,R32560600,Iasi,6,2026.07,Operatori mici
TRANS ARCTIC EXPRES SRL,R41982379,Iasi,6,2026.07,Operatori mici
PLASTNAK INTERNATIONEL SRL,R44571521,Pitesti,6,2026.07,Operatori mici
VALMAR LOGISTIC CAR SRL,R32854591,Cateasca,6,2026.07,Operatori mici
MGA LOGISTIC TRANS,R42078633,Pitesti,6,2026.07,Operatori mici
ROSEBA TRANS SRL,R15922920,Resita,6,2026.07,Operatori mici
DEIA TRANSPORT SRL,R14446764,Cluj Napoca,6,2026.07,Operatori mici
DMV AVAGIL TRANS SRL,R36821511,Com Lupoaia,6,2026.07,Operatori mici
TGS TRANSGRUPSPEDITION,R36807487,VALEA ADANCA,6,2026.07,Operatori mici
M-TRUCKS UNITED SRL,R46772025,BARNOVA,6,2026.07,Operatori mici
ALMALEELU SRL,R39123521,BRADESTI,6,2026.07,Operatori mici
MOLDEVA EXIM SRL,R44388959,Muntenii de Sus,6,2026.07,Operatori mici
SC FONEX TRANSPORT & LOGISTICS SRL,R54740318,TURTURESTI,6,2026.07,Operatori mici
MAT POWER DELIVERY,R42827284,SERBESTI VECHI,7,2026.07,Operatori mici
APOSTOL TRANSPORT EUROPEAN S.R.L.,R47229087,SAT PODU HAGIULUI,7,2026.07,Operatori mici
HEAVY MACHINERY GROUP SRL,R27198644,SECTOR 4,7,2026.07,Operatori mici
SINGVASTRANS SRL,R41028033,"sat Valea Targului, comuna Puscasi",7,2026.07,Operatori mici
NAVY SEAL SRL,R29490946,POPESTI-LEORDENI,7,2026.07,Operatori mici
SER TRANSPORT,R18895073,Buzau,7,2026.07,Operatori mici
GEIAN MAT TRANS SRL,R37797098,Gaesti,7,2026.07,Operatori mici
DENIZ INTER GLOBAL SRL,R46319882,Alba Iulia,7,2026.07,Operatori mici
YASIN SIMSEK TRANS SRL,R34234880,Alba Iulia,7,2026.07,Operatori mici
EGIDA SPEDITION SRL,R52965110,Pitesti,7,2026.07,Operatori mici
RO-CEM  TRANS 44 SRL,R50360839,Pitesti,7,2026.07,Operatori mici
ALMA COMPEXIM SRL,R146937,Pitesti,7,2026.07,Operatori mici
COPANEX SRL,R5994229,Bacau,7,2026.07,Operatori mici
DORU & STELICA TRANS SRL,R28349613,Otesani,7,2026.07,Operatori mici
VIV TRUCK TRANS SRL,R43408934,Vaslui,7,2026.07,Operatori mici
REGIUNEA-EXIM S.R.L.,R36239557,Vaslui,7,2026.07,Operatori mici
TRANSPORT INTERNATIONAL RAILEANU SRL,R23826363,Focsani,7,2026.07,Operatori mici
OLGUN SPEDITION SRL,R39416670,Medgidia,7,2026.07,Operatori mici
CCC PRIME SOLUTION SRL,R39743248,Pecica,7,2026.07,Operatori mici
MET UNIPERSONAL SRL,R40830399,Gorban,7,2026.07,Operatori mici
COSMOS NIGA,R731221,Campulung Moldovenesc,7,2026.07,Operatori mici
NICOTRANS SRL,R378961,Bucuresti,8,2026.07,Operatori mici
TOTAL TRANS SPED DOI SRL,R6767224,Bucuresti,8,2026.07,Operatori mici
EFE TRANSPORT SRL,R37081527,Sibiu,8,2026.07,Operatori mici
KRALOWETZ TRANSPORT,R10705467,Timisoara,8,2026.07,Operatori mici
NITU TRANS SRL,R10928396,Babeni,8,2026.07,Operatori mici
RAUL AGROCOM SRL,R18301057,Voiniceni,8,2026.07,Operatori mici
BASARABIA LOGISTIC S.R.L.,R45921501,Zarnesti,8,2026.07,Operatori mici
LINIILE CONTINENTALE DE TRANSPORT - LCT S.R.L.,R11015244,Sacele,8,2026.07,Operatori mici
CINDRELUL SRL,R4560795,Sebes,8,2026.07,Operatori mici
DAVID &  EVA  LOGISTIC SRL,R36450693,Daesti,8,2026.07,Operatori mici
ANDY INTER SPRINT SRL,R32322535,Pitesti,8,2026.07,Operatori mici
BLUE TRUCK SPEDITION,R26798403,Constanta,8,2026.07,Operatori mici
EDIL TRANSPORT SRL,R13346651,Buzau,8,2026.07,Operatori mici
WEST LOGISTICS SRL,R35710124,Curtesti,8,2026.07,Operatori mici
FLORAGE CORPORATION SRL,R5966008,Brasov,8,2026.07,Operatori mici
BASCOM EST SRL,R31248945,Iasi,8,2026.07,Operatori mici
DOBROTA TRANS SRL,R26532222,Poiana Sibiului,8,2026.07,Operatori mici
NICK EXPRESS SIBIU,R29197700,Poiana Sibiului,8,2026.07,Operatori mici
RUNOLA LOGISTICS SRL,R25250053,Medias,8,2026.07,Operatori mici
VLADIANA EXPEDITII SRL,R40447726,Pilu,8,2026.07,Operatori mici
THERMO VIV TRANS S.R.L.,R32513632,Scoposeni,8,2026.07,Operatori mici
LOGISTICS MANAGEMENT SOLUTIONS SRL,R34110750,"Bucuresti,sector 1",9,2026.07,Operatori mici
MARCINI LOGISTICS SRL,R34633104,SAT RONA DE SUS,9,2026.07,Operatori mici
DATCU EUROPE LOGISTICS SRL,R35371052,Ploiesti,9,2026.07,Operatori mici
FRIGO PRIM GRUP SRL,R40660219,Iasi,9,2026.07,Operatori mici
LKW SCORPION SRL,R41994594,Iasi,9,2026.07,Operatori mici
EURO DOST TRANS SRL,R32043123,Codlea,9,2026.07,Operatori mici
SCD TEAM SPEDITION SRL,R33517365,Arad,9,2026.07,Operatori mici
TOP TRUCKS TRANS SRL,R33201558,Muntenii de Sus,9,2026.07,Operatori mici
DINAMICA TRANSMAT SRL,R23025233,Veresti,9,2026.07,Operatori mici
VEL CARGO SRL,R29360490,Oradea,9,2026.07,Operatori mici
EURO TRUCK LOGISTIC SRL,R29245173,Sibiu,9,2026.07,Operatori mici
BASARABIA TRANS SRL,R19124530,Bucuresti,9,2026.07,Operatori mici
NICODIN SRL,R3238210,Medias,16,2026.07,Operatori medii 1
SERCOM AGREGATE,R35891373,Oiejdea,20,2026.07,Operatori medii 1
L&A CARGO LINE SRL,R16743400,Pitesti,20,2026.07,Operatori medii 1
DAF TRANS 2000 S.R.L.,R12899831,Constanta,15,2026.07,Operatori medii 1
ALCEDO SRL,R350278,Bucuresti,14,2026.07,Operatori medii 1
EUROMAX COMPANY SRL,R7979233,Miroslava,17,2026.07,Operatori medii 1
SOTRANS IMPEX SRL,R6388310,Pitesti,28,2026.07,Operatori medii 1
WISE SRL,R6670352,Ramnicu Valcea,32,2026.07,Operatori medii 1
TRANSTRADE SRL,R14565536,Lupeni,30,2026.07,Operatori medii 1
MARYTRANS SRL,R9567212,Bacau,20,2026.07,Operatori medii 1
AGROPEC SPEDITION SRL,R39870659,Blaj,38,2026.07,Operatori medii 1
DEME MACARALE SRL,R6073087,Oradea,22,2026.07,Operatori medii 1
A.F.C.R LOGISTIC SRL,R33851461,Ramnicu Valcea,31,2026.07,Operatori medii 1
ADANCO TRANSCOM SRL,R6872254,Milisauti,20,2026.07,Operatori medii 1
BENY TRANS INTRENATIONAL S.R.L.,R10803520,Satu Mare,16,2026.07,Operatori medii 1
SIMADI SRL,R3698588,Murfatlar,28,2026.07,Operatori medii 1
CREMA VIC PALAMUT SRL,R19487986,Pitesti,19,2026.07,Operatori medii 1
BACUS SRL,R3368326,Arad,22,2026.07,Operatori medii 1
CONDOR PADURARU S.R.L.,R6341635,Slatina,20,2026.07,Operatori medii 1
DEY LOGISTIC SRL,R25487522,Sibiu,35,2026.07,Operatori medii 1
ACTROSTRANS SRL,R18605900,Vaslui,25,2026.07,Operatori medii 1
RENAROM TRANS SRL,R8721126,Baia Mare,34,2026.07,Operatori medii 1
ADR BEST TRANS SRL,R34157795,Pitesti,13,2026.07,Operatori medii 1
HAUPT TRANS SRL,R37327860,Buciumeni,16,2026.07,Operatori medii 1
ALE-YAN LOGISTIC SRL,R24446176,Oradea,25,2026.07,Operatori medii 1
AS-TRANS SRL,R1481930,Ramnicu Valcea,23,2026.07,Operatori medii 1
SOLDORI TRANS,R14278466,Iaslovat,30,2026.07,Operatori medii 1
ARDEALUL SA,R646347,Carei,26,2026.07,Operatori medii 1
PANDORA PROD SRL,R2856922,Slobozia,31,2026.07,Operatori medii 1
VALIURATRANS,R30443409,Vaslui,17,2026.07,Operatori medii 1
OIL DEPOL SERVICE SRL,R10969841,Constanta,36,2026.07,Operatori medii 1
CRIN PROD SRL,R6530235,Vacaresti,13,2026.07,Operatori medii 1
PETCO,R12334667,Sovata,13,2026.07,Operatori medii 1
STRETE SEN,R28829492,Ipotesti,15,2026.07,Operatori medii 1
AGROTRANSPORT VINJU MARE SRL,R1601440,Vinju Mare,16,2026.07,Operatori medii 1
EXPRES MERCUR SPEDITION SRL,R14681115,Oradea,23,2026.07,Operatori medii 1
PROIECT PERSONAL LEASING SRL,R11920030,Baia Sprie,16,2026.07,Operatori medii 1
HYDRAS,R15760713,Arad,17,2026.07,Operatori medii 1
BOGPADIS TRANS SRL,R17710240,Alesd,17,2026.07,Operatori medii 1
ANASPED S.R.L.,R23979235,Suceava,28,2026.07,Operatori medii 1
MTM TRANSPORT SRL,R21541246,Prundeni,13,2026.07,Operatori medii 1
JOKER LOGISTIC TRUCK SRL,R29252790,Chiajna,16,2026.07,Operatori medii 1
EVE TRANSPORTING INTERNATIONAL SRL,R36679655,SAT SCOPOSENI,13,2026.07,Operatori medii 1
IACOB TANK TRANSPORT SRL,R41148994,Ploiesti,14,2026.07,Operatori medii 1
ZAFER TRANSPORT SRL,R27726340,Bucuresti,15,2026.07,Operatori medii 1
COMPLET DAROX S.R.L.,R8685031,Pitesti,15,2026.07,Operatori medii 1
TRANSVIS SRL,R10664928,Bradeanu,15,2026.07,Operatori medii 1
UNGUREANU TRANS SRL,R21522554,Vaslui,15,2026.07,Operatori medii 1
BIANGOR TRANS SRL,R32864013,Gorban,15,2026.07,Operatori medii 1
SCANDINAVIA SPEDITION EXPRESS SRL,R23963174,Simian,15,2026.07,Operatori medii 1
FIT SPED SRL,R6933483,Sfantu Gheorghe,16,2026.07,Operatori medii 1
NIK SPEED LINES SRL,R36788130,Voluntari,17,2026.07,Operatori medii 1
DIGOR TRUCKS TRANS SRL,R37869100,Dranceni,17,2026.07,Operatori medii 1
COMERT SLAGER SRL,R2970276,Targu Secuiesc,18,2026.07,Operatori medii 1
DEF TRANS LOGISTIC SRL,R21946010,Tunari,19,2026.07,Operatori medii 1
GOKBORA INTERNATIONAL TRANSPORT SRL,R18962709,Bolintin Deal,20,2026.07,Operatori medii 1
TRAMAR SA,R5131341,Sfantu Gheorghe,20,2026.07,Operatori medii 1
LUCY EUROCARGO BUS SRL,R26366324,Micesti,20,2026.07,Operatori medii 1
MIHAI TRANS 2003 SRL,R15151044,Bucuresti,26,2026.07,Operatori medii 1
AUTOTRANSPORT NEC IMPEX SRL,R26462828,Miroslava,26,2026.07,Operatori medii 1
DONI INTERNATIONAL GALAXY SRL,R9858840,Pitesti,28,2026.07,Operatori medii 1
ROMSTAL IMEX SRL,R5990324,Bucuresti,29,2026.07,Operatori medii 1
KING SPEDITION SRL,R25982253,Uriu,29,2026.07,Operatori medii 1
HOPE SPED SRL,R15428073,Sfantu Gheorghe,30,2026.07,Operatori medii 1
TIMSCOR TRANS SRL,R35798623,VALEA ADANCA,32,2026.07,Operatori medii 1
BURLACU TRANS COM,R15856169,Ulmi,36,2026.07,Operatori medii 1
SUCCES NIC COM,R5762598,Runcu,14,2026.07,Operatori medii 1
AUTOTRANS TAXI MARFA S.A.,R1352528,Ploiesti,13,2026.07,Operatori medii 1
EBASTO COM SRL,R6587673,Zarnesti,18,2026.07,Operatori medii 1
ACVATOT SRL,R13906,Bucuresti,19,2026.07,Operatori medii 1
TRANSPORT GINAR SRL,R7396353,Moraresti,26,2026.07,Operatori medii 1
CIPCOS MAR COMPLEX SRL,R6215297,Poiana Lacului,16,2026.07,Operatori medii 1
FAVORIT BIO TRANS S.R.L.,R3110032,Pitesti,22,2026.07,Operatori medii 1
PERSPECTIVE CAFE SRL,R16145873,Bucuresti,16,2026.07,Operatori medii 1
ALIFLOR EXIM SRL,R7339943,Craiova,24,2026.07,Operatori medii 1
AGUAKI TRANS SRL,R15961466,Boldesti Scaeni,36,2026.07,Operatori medii 1
ERSOF TRANS SRL,R37327142,Prundu,34,2026.07,Operatori medii 1
R.X.D. COMPANY SRL,R14719210,Miroslava,35,2026.07,Operatori medii 1
BUL INTERTRANS SRL,R37002450,Iasi,20,2026.07,Operatori medii 1
"PRODUCTIE SI COMERCIALA ""TRIO-IMPEX """,R6107414,Bodoc,32,2026.07,Operatori medii 1
RAZVAL TIG CONSTRUCT,R36838971,Visina,20,2026.07,Operatori medii 1
AKSIMET CARGO SRL,R40398747,Bragadiru,17,2026.07,Operatori medii 1
BURCIU TRANS,R15711869,Radauti,28,2026.07,Operatori medii 1
GREEN FORWARDING SRL,R36821724,Ip,29,2026.07,Operatori medii 1
MAHMUD IMPEX SRL,R6398275,Constanta,22,2026.07,Operatori medii 1
GALILEX FOREST SRL,R27592168,MAGHERU,35,2026.07,Operatori medii 1
JUVITA TRANS SRL,R6404717,Baia Mare,20,2026.07,Operatori medii 1
EMI & JESSI SRL,R14429658,Sebes,34,2026.07,Operatori medii 1
NUTRIENTUL SA,R108046,Palota,22,2026.07,Operatori medii 1
KENWROTH TRANSPORT SRL,R6659192,Baia Mare,24,2026.07,Operatori medii 1
LUX CONSULTING SRL,R39168655,Daesti,16,2026.07,Operatori medii 1
SC NATUR FOREST SRL,R17879045,PLATONESTI,36,2026.07,Operatori medii 1
MARBIS SRL,R4904627,Sebes,20,2026.07,Operatori medii 1
AGROAUTOMEC S.R.L,R3657839,Comlausa,14,2026.07,Operatori medii 1
ANGELTRANS,R18289549,Scheia,23,2026.07,Operatori medii 1
CUPOLA COMSERV SRL,R7836284,Suceava,19,2026.07,Operatori medii 1
EUROIVASTRANS SRL,R22304493,Galati,26,2026.07,Operatori medii 1
NAVONA TRANS SRL,R15296509,Sirna,15,2026.07,Operatori medii 1
M&N TRANS COMPEX SRL,R8388049,Bucuresti,15,2026.07,Operatori medii 1
AND VIORICA COMPANY SRL,R26607350,Calinesti,17,2026.07,Operatori medii 1
TRI TRUCK INCOMPARATION SRL,R26743939,Snagov,17,2026.07,Operatori medii 1
PLAYER MEDIA SRL,R20752458,Bucuresti,19,2026.07,Operatori medii 1
NIC-TRUCKS TRANS SRL,R25976448,Dranceni,20,2026.07,Operatori medii 1
ETAP TRANSPORT SRL,R13280751,Bucuresti,24,2026.07,Operatori medii 1
CARPATICA LOGISTIC SRL,R29428359,Selimbar,24,2026.07,Operatori medii 1
KAREMA FRUCT SRL,R29362947,Dascalu,30,2026.07,Operatori medii 1
STELBO TRANS SRL,R11118606,Targu Jiu,29,2026.07,Operatori medii 1
COMBINATUL DE CELULOZA SI HARTIE SA,R5976842,DROBETA TURNU-SEVERIN,27,2026.07,Operatori medii 1
ROMPETROL WELL SERVICES S.A.,R1346607,Ploiesti,26,2026.07,Operatori medii 1
LPG AUTO TRANS,R34846757,Bucuresti,35,2026.07,Operatori medii 1
HIDROCONSTRUCTIA SA,R1556820,Bucuresti,30,2026.07,Operatori medii 1
ANGHELOIU TRANS SRL,R23667985,Gura Vitioarei,25,2026.07,Operatori medii 1
SAM-ANDREI,R14245230,Calafindesti,13,2026.07,Operatori medii 1
RONTRANSMAR SRL,R18992017,Uriu,37,2026.07,Operatori medii 1
J.I.P. TRANSPORT INTERNATIONAL,R31220928,Iasi,16,2026.07,Operatori medii 1
AMEROPA LOGISTICS SRL,R32274128,SAT CIORANII DE JOS COM. CIORANI,18,2026.07,Operatori medii 1
TRUCK MOTORS SRL,R17609068,Arad,27,2026.07,Operatori medii 1
LEVIS O.D.S. SRL,R15730992,Salcea,16,2026.07,Operatori medii 1
PISCAN S.R.L.,R14663518,Valenii de Munte,22,2026.07,Operatori medii 1
DRUMURI BIHOR SA,R10980670,Oradea,28,2026.07,Operatori medii 1
METALUX,R167441,Pitesti,19,2026.07,Operatori medii 1
MW TRADE SRL,R16035200,Carei,19,2026.07,Operatori medii 1
UTIL NRG CARGO SRL,R13135212,Ploiesti,37,2026.07,Operatori medii 1
TOLIL COMPANY S.R.L.,R11250843,Constanta,20,2026.07,Operatori medii 1
CRISTALEX TRANS COMPANY SRL,R6429410,Arad,31,2026.07,Operatori medii 1
CARS EXPRES LOGISTIC SRL,R39318965,Popesti,14,2026.07,Operatori medii 1
EUROHAUL SERVICES S.R.L,R19182345,Barbuletu,27,2026.07,Operatori medii 1
MINDEN-S SRL,R9215747,Odorheiu Secuiesc,18,2026.07,Operatori medii 1
GRK IULISPEED SRL,R33552680,"MUN. MOTRU,",17,2026.07,Operatori medii 1
INTECO HOLDING SRL,R14989507,Bocsig,30,2026.07,Operatori medii 1
ECOSOFTBN SRL,R24407657,Bistrita,14,2026.07,Operatori medii 1
DRAGLEN PRODUCT SRL,R33355352,SAT URECHESTI,18,2026.07,Operatori medii 1
MERYILDIZ LOJISTIK S.R.L.,R36297329,"BUCURESTI, SECTOR 6",15,2026.07,Operatori medii 1
TRANS TRUCK SERVICES SRL,R33876245,SAT PODU HAGIULUI,15,2026.07,Operatori medii 1
SARI EXPRES CARGO SRL,R32899607,Bascov,16,2026.07,Operatori medii 1
CIVDORA COMPANY EXIM S.R.L.,R5734822,Tufesti,17,2026.07,Operatori medii 1
FLOVIS IMPEX SRL,R6772263,Simbata de Sus,19,2026.07,Operatori medii 1
RUBIAN COMPANY SRL,R8518173,Constanta,25,2026.07,Operatori medii 1
TRANS LOGISTIC N.A.D S.R.L,R16498972,Bucuresti,32,2026.07,Operatori medii 1
ALVELY LOGISTIK S.R.L,R28117338,Vernesti,32,2026.07,Operatori medii 1
DANIMAR LOGISTICA & EXPEDITII SRL,R28481095,"BUCURESTI , SECTOR 5",38,2026.07,Operatori medii 1
APOLODOR COM IMPEX SRL,R448722,Bucuresti,38,2026.07,Operatori medii 1
SORELO S.R.L.,R136305,Bascov,32,2026.07,Operatori medii 1
TOLPOST,R10103860,Liteni,25,2026.07,Operatori medii 1
FEL- GEO TRANS SRL -D,R33858206,Chiajna,17,2026.07,Operatori medii 1
LUCIANO&NICO SRL,R6735354,Vascau,22,2026.07,Operatori medii 1
HM PRODUCT SRL,R21953760,Targu Mures,18,2026.07,Operatori medii 1
CAT AUTOLOGISTCS ROMANIA SRL,R24455425,Ciorogarla,31,2026.07,Operatori medii 1
AUTO ALEX SRL,R1074871,Moldova Noua,28,2026.07,Operatori medii 1
POPESCU SI BACESCU TRANS SRL,R32228148,MANGA,18,2026.07,Operatori medii 1
TEMPO TIR TRANS SRL,R30756961,Vaslui,14,2026.07,Operatori medii 1
3 GID COMPROD SRL,R4171143,Pitesti,14,2026.07,Operatori medii 1
SERGIU OCTAV TRANS S.R.L.,R19022034,COMUNA BASCOV,16,2026.07,Operatori medii 1
EMILEMA PRODCOM,R5112056,Volovat,13,2026.07,Operatori medii 1
CANATA GLOBAL LOJISTIK SRL,R47705920,Bragadiru,13,2026.07,Operatori medii 1
ADEPLAST SA,R5119976,Oradea,25,2026.07,Operatori medii 1
EMY SPECIAL TRANSPORTS SRL,R47266166,Targu Mures,27,2026.07,Operatori medii 1
BODY INVEST SRL,R22982763,Harsova,25,2026.07,Operatori medii 1
GEODAN TRANS SRL,R13505307,Ploiesti,16,2026.07,Operatori medii 1
BUVACONI TRANS SRL,R27067460,Bucuresti,21,2026.07,Operatori medii 1
ARES INTERNATIONAL TRANSPORT SRL,R30063663,Bucuresti,30,2026.07,Operatori medii 1
NARFLO TRANS COMPANY SRL,R21518456,Bascov,31,2026.07,Operatori medii 1
SC LOGICAL CONS SOLUTIONS SRL,R29398517,Bacia,35,2026.07,Operatori medii 1
B.A.T. EUROPEAN LOGISTICS,R33592340,Pitesti,13,2026.07,Operatori medii 1
GINARIUS IMPEX SRL,R8646490,Turda,22,2026.07,Operatori medii 1
EGERIA TM SRL,R7182074,Timisoara,36,2026.07,Operatori medii 1
NEGRO 2000,R4600075,Bucuresti,16,2026.07,Operatori medii 1
SPERANZA LOGISTICS SRL,R30891577,Bucuresti,23,2026.07,Operatori medii 1
SIV GROUP TRANS SRL,R23457517,Gorban,25,2026.07,Operatori medii 1
SC ARBOTRANS AGREGATE SRL,R38586285,Arad,37,2026.07,Operatori medii 1
ROSU COMPANY SRL,R3963099,Gherta Mica,23,2026.07,Operatori medii 1
UNIVERSAL TERMOCONSTRUCT DESIGN SRL,R27591839,COMUNA BASCOV,34,2026.07,Operatori medii 1
BURAK LOJISTIK SRL,R46303207,Cornetu,23,2026.07,Operatori medii 1
PREZIDENT TRANS SRL,R14336494,Campulung,29,2026.07,Operatori medii 1
GUZTRANS SRL,R16463320,Curtici,33,2026.07,Operatori medii 1
COMTRATUR SRL,R3390021,Cincu,19,2026.07,Operatori medii 1
ARI100CRAT S.R.L,R29082602,Iasi,15,2026.07,Operatori medii 1
O&V TRANSCONSULTING PROJECTS SRL,R31436388,"Bucuresti,sector 1",13,2026.07,Operatori medii 1
MARPAS,R760464,Milisauti,24,2026.07,Operatori medii 1
VLADIMIR TRANS SRL,R5739250,Brasov,26,2026.07,Operatori medii 1
GYORGY TRANS SRL,R18690825,Drobeta Turnu Severin,20,2026.07,Operatori medii 1
MICHAEL OIL&GAS SERVICES SRL,R30475834,Lipanesti,26,2026.07,Operatori medii 1
IUGA UNIC TRANS SRL,R28652039,tirgoviste,27,2026.07,Operatori medii 1
BURAK GLOBAL LOJISTIK,R47126910,"BUCURESTI, SECTOR 6",14,2026.07,Operatori medii 1
BOGDY TRANS SRL,R15628896,RUGINOASA,27,2026.07,Operatori medii 1
ALPHA CONSTRUCT SISTEM,R14854372,Bucuresti,21,2026.07,Operatori medii 1
PETYON RADMIH SRL,R18793049,COMUNA BASCOV,22,2026.07,Operatori medii 1
MARIMAR STANCU SNC,R10518957,Drobeta Turnu Severin,22,2026.07,Operatori medii 1
CAROMION SRL,R14287057,Stejari,22,2026.07,Operatori medii 1
MEGA VOLUM EXPRESS SRL,R31155625,Onesti,20,2026.07,Operatori medii 1
DANFRAN SRL,R18043942,Valea Lunga,13,2026.07,Operatori medii 1
BANAT SPEED SRL,R30877599,Timisoara,13,2026.07,Operatori medii 1
PET-CIP TRANS SRL,R23067492,Barsana,15,2026.07,Operatori medii 1
FM INTERNATIONAL TRASPORTI SRL,R17981222,Alba Iulia,17,2026.07,Operatori medii 1
TUK TRANS NICAL SRL,R39334138,Negrasi,17,2026.07,Operatori medii 1
CHEVROLET C.C. SRL,R6494779,Pitesti,19,2026.07,Operatori medii 1
PETRA LOGISTIK GP SRL,R22220392,Pitesti,19,2026.07,Operatori medii 1
SAMOGIN TRANS SRL,R20201106,Bors,20,2026.07,Operatori medii 1
VALDEN GROUP INTERNATIONAL SRL,R38290297,Pitesti,21,2026.07,Operatori medii 1
BIANALEX-PRIM SRL,R33289070,Iasi,22,2026.07,Operatori medii 1
GRINGO COM IMPEX SRL,R9103840,Bacau,28,2026.07,Operatori medii 1
EURO TEAM GB  SPEDITION SRL,R34262723,Sebes,30,2026.07,Operatori medii 1
MIHOT SRL,R12894567,Valea Lupului,35,2026.07,Operatori medii 1
ALBERT COMIMPEX SRL,R6388018,Pitesti,38,2026.07,Operatori medii 1
ATHOS COM SRL,R4565652,Surduc,21,2026.07,Operatori medii 1
INOVATIV LOGISTIC,R29590244,Oradea,28,2026.07,Operatori medii 1
COMSAR EXPRES,R28959735,Bistrita,29,2026.07,Operatori medii 1
LOMARLINE NEWAGE,R27345346,Pitesti,30,2026.07,Operatori medii 1
LIVERANI GROUP RO SRL,R22906316,Caransebes,36,2026.07,Operatori medii 1
ILM COM SRL,R3132324,Miercurea Ciuc,13,2026.07,Operatori medii 1
AFEROM TRANS SRL,R10138737,Miercurea Ciuc,14,2026.07,Operatori medii 1
EURO-SPED SRL,R4641113,Gurani,14,2026.07,Operatori medii 1
ADI&TANIA TRANS SRL,R19924355,Bucsani,15,2026.07,Operatori medii 1
SAV SOR TRANSCOM SRL,R97281,Galospetreu,16,2026.07,Operatori medii 1
PITAR,R4868079,Suceava,19,2026.07,Operatori medii 1
ONVIRA PREST SRL,R26057400,Adjud,13,2026.07,Operatori medii 1
LUNA B&R,R15676630,Piatra Neamt,38,2026.07,Operatori medii 1
ISTRATE SERVPROD SRL,R5076310,Saulia,14,2026.07,Operatori medii 1
ALVALEXINO CO S.R.L.,R11113730,Constanta,15,2026.07,Operatori medii 1
ANIWIL IMPEX SRL,R6124822,Perisor,16,2026.07,Operatori medii 1
ALUCIM LOGISTIC,R34785528,Oradea,18,2026.07,Operatori medii 1
BENUTI COMPANY SRL,R25656087,Targu Mures,19,2026.07,Operatori medii 1
CAPITOLA,R2388767,Satu Mare,20,2026.07,Operatori medii 1
HOKMAN TRANS,R10630631,Hidiselu de Sus,20,2026.07,Operatori medii 1
DEAS SPEDITION 2020 SRL,R41991784,Arad,20,2026.07,Operatori medii 1
AGREMIN SRL.,R15206492,Liteni,24,2026.07,Operatori medii 1
ARGO INTERNATIONAL,R18732190,Arad,26,2026.07,Operatori medii 1
MAES TRANSPORT ROMANIA SRL,R6996996,Santion,30,2026.07,Operatori medii 1
ANASTASIA SPEDITION SRL,R32433967,Timisoara,14,2026.07,Operatori medii 1
BONISA BIS SRL,R8851720,Pitesti,33,2026.07,Operatori medii 1
SANGES TRANS SRL,R17423455,Periam,15,2026.07,Operatori medii 1
TRANSDETA,R13599735,Timisoara,16,2026.07,Operatori medii 1
CASA NOASTRA SRL,R7510066,Craiova,16,2026.07,Operatori medii 1
BAGOLY LOGISTIC SRL,R10251972,Miercurea Ciuc,18,2026.07,Operatori medii 1
BRENA INTER TRANS,R18779214,Zalau,19,2026.07,Operatori medii 1
SIM ESTATE INVEST SRL,R22923708,Campulung,20,2026.07,Operatori medii 1
EXPRES TRANSPORT,R3365133,Pecica,21,2026.07,Operatori medii 1
DELI TRANS,R15789558,Suceava,14,2026.07,Operatori medii 1
VERDUYN LOGISTICS SRL,R21496994,Constanta,23,2026.07,Operatori medii 1
ALLFRESH,R30857729,Suceava,28,2026.07,Operatori medii 1
VALTRANS IMPEX SRL,R9455634,Cluj Napoca,37,2026.07,Operatori medii 1
MILANO LOGISTIC,R4715741,Oradea,18,2026.07,Operatori medii 1
VITRANS SRL,R992405,Bacau,22,2026.07,Operatori medii 1
TRUCK SPED SRL,R3811082,Farcasa,15,2026.07,Operatori medii 1
M-SYSTEM SRL,R716990,Radauti,26,2026.07,Operatori medii 1
HELIOS CAR SRL,R26897288,Scheia,29,2026.07,Operatori medii 1
SZINKER SRL,R6682942,Cristuru Secuiesc,21,2026.07,Operatori medii 1
TEK LINE EXPEDITION SRL,R29066275,Cumpana,22,2026.07,Operatori medii 1
MARVIO TRANS SRL,R6223729,Ineu,23,2026.07,Operatori medii 1
MIHAI- LUCA TRANS SRL,R18758262,Iaslovat,15,2026.07,Operatori medii 1
AUTOGIGICA,R3793490,Timisoara,15,2026.07,Operatori medii 1
KOWA INNES TRANS,R28909451,Bistrita,27,2026.07,Operatori medii 1
ROZOTI PRODCOM,R4348076,Biharia,35,2026.07,Operatori medii 1
TOP CONSTRUCT,R15147477,Suceava,18,2026.07,Operatori medii 1
IORGU. S.R.L.,R12008520,Tunari,19,2026.07,Operatori medii 1
INTEGRAL CHINCIU COMIMPEX,R6034053,Hunedoara,19,2026.07,Operatori medii 1
SILEX SRL,R3359263,Baia Mare,19,2026.07,Operatori medii 1
DOSA DANIEL VET SRL,R28269239,Somes Odorhei,21,2026.07,Operatori medii 1
CONSTRUCT SCUT SRL,R23940049,Oradea,21,2026.07,Operatori medii 1
RAGINOASA TRANSIMPEX SRL,R5841357,Margau,18,2026.07,Operatori medii 1
DOR AUTO TRANS SRL,R13524864,Bobota,19,2026.07,Operatori medii 1
3 G TRANS IMPEX SRL,R13140197,Craiova,20,2026.07,Operatori medii 1
TEAHA  TRANS  SRL,R26281597,Oradea,21,2026.07,Operatori medii 1
EUROCRISTRANS,R16607280,Soporul de Cimpie,24,2026.07,Operatori medii 1
LESCACI COM SRL,R6763303,Certeze,24,2026.07,Operatori medii 1
INTER-EXPRES SRL,R152246,Campulung,25,2026.07,Operatori medii 1
TRANSPED RC RAC SRL,R29064533,SIGHETU MARMATIEI,31,2026.07,Operatori medii 1
MC TRANS S.R.L.,R21050206,Targu Mures,38,2026.07,Operatori medii 1
SIMA SRL,R153225,Campulung,20,2026.07,Operatori medii 1
LAGOUDAKIS,R11818200,Baia Mare,21,2026.07,Operatori medii 1
EFO INTERTRANS SRL,R13292900,Eforie Nord,28,2026.07,Operatori medii 1
MIRUCAM EXPRES,R32296053,Rebra,38,2026.07,Operatori medii 1
L - TRANZIT IMPEX SRL,R15018901,Sibiu,21,2026.07,Operatori medii 1
TRANSEX SRL,R8087178,Zalau,22,2026.07,Operatori medii 1
PRIMATO IMPEX,R5460255,Oradea,23,2026.07,Operatori medii 1
TOP CARGO SRL,R22703605,POPESTI-LEORDENI,25,2026.07,Operatori medii 1
DAHM LOGISTIK SRL,R22322937,Bucuresti,13,2026.07,Operatori medii 1
VLADIGOR TRANS SRL,R21820895,Darabani,13,2026.07,Operatori medii 1
HORACE LOGISTIC SRL,R37113033,Cluj Napoca,13,2026.07,Operatori medii 1
SPEDITIONRID SRL,R44700642,Slatioara,16,2026.07,Operatori medii 1
MOLDOVA PORT CONTAINER SOCIETATE CU RASPUNDERE LIMITATA,R38496689,Valea Lupului,17,2026.07,Operatori medii 1
DAIO LOGISTIK LINE SRL,R33557556,Timisoara,18,2026.07,Operatori medii 1
FARLAN TRANS,R15776825,Frasin,18,2026.07,Operatori medii 1
M N IMPEX SRL,R3769174,Ramnicu Valcea,19,2026.07,Operatori medii 1
ALPHA CARGO EXPRES S.R.L.,R31991523,Radauti,20,2026.07,Operatori medii 1
BERTSCHI LOGISTIC SRL,R30089868,Ploiesti,24,2026.07,Operatori medii 1
TORSEN-SIM,R10103925,Radauti,28,2026.07,Operatori medii 1
TERRA TRANS T.T. RO SRL,R35001629,Iasi,31,2026.07,Operatori medii 1
EXPERT SOFTWARE COMPANY S.R.L.,R14916343,Oltenita,20,2026.07,Operatori medii 1
EUROALPIN SRL,R15919771,Diosig,21,2026.07,Operatori medii 1
EXTRA SPEDITION SRL,R19032755,Sibiu,24,2026.07,Operatori medii 1
METALE INTERNATIONAL SRL,R12671743,Focsani,24,2026.07,Operatori medii 1
STEHLMAN TRANS SRL,R18955604,Gura Humorului,27,2026.07,Operatori medii 1
ALI TRANS COM SRL,R8084783,Calarasi,30,2026.07,Operatori medii 1
GIRO SRL,R6698604,Alba Iulia,35,2026.07,Operatori medii 1
PANAKRPATHI LOGISITCS SRL,R36029814,Oradea,27,2026.07,Operatori medii 1
JILAVEANU TRASCOM SRL,R10696776,Afumati,29,2026.07,Operatori medii 1
CRISTMAR COM IMPEX,R4275276,Tarnaveni,26,2026.07,Operatori medii 1
ALDONA FOREST,R10523635,Bircea Mare,36,2026.07,Operatori medii 1
D.TRANS RO SRL,R22159300,Selimbar,13,2026.07,Operatori medii 1
STAER INTERNATIONAL SA,R2643282,Galati,14,2026.07,Operatori medii 1
TRIOMEGA GROUP SRL,R45451809,Lipovat,15,2026.07,Operatori medii 1
VILSPED TRANSPORT SRL,R13670487,Ramnicu Valcea,18,2026.07,Operatori medii 1
LANDIS IMPEX,R5722224,Oradea,19,2026.07,Operatori medii 1
NUMBER 1 TRANS & LOG,R27911810,Bacau,19,2026.07,Operatori medii 1
CSI LOGISTIC SRL,R32861750,Selimbar,20,2026.07,Operatori medii 1
AVANTI TRUCKING SRL,R32834624,Caracal,22,2026.07,Operatori medii 1
BLED TRANS,R14243549,Gataia,22,2026.07,Operatori medii 1
MATERIALE DE CONSTRUCTII MOBILA SI SERVICE BOTA SRL,R1769267,Ocna Mures,27,2026.07,Operatori medii 1
DOHOD CARGO SRL,R43287530,Iasi,27,2026.07,Operatori medii 1
KING COM TRANSS INTERNATIONAL SRL,R29567675,Volovat,29,2026.07,Operatori medii 1
TRADISA ROMANIA SRL,R25810479,Sibiu,36,2026.07,Operatori medii 1
T.G.I.E S.R.L,R97800,Oradea,36,2026.07,Operatori medii 1
WEST STOP,R3861412,Arad,14,2026.07,Operatori medii 1
NITU INTERNATIONAL SRL,R14454635,Aiud,15,2026.07,Operatori medii 1
THEODORA TRANSPORT RO SRL,R42750318,Iasi,15,2026.07,Operatori medii 1
OVI VALI SRL,R713640,Suceava,16,2026.07,Operatori medii 1
D & P LONGTRANS,R4470501,Arad,17,2026.07,Operatori medii 1
MERCUR INTERNATIONAL SRL,R14067434,Resita,17,2026.07,Operatori medii 1
CLDE MIS TRANS SRL,R30779043,Craiova,18,2026.07,Operatori medii 1
SALLOUM LOGISTIC SRL,R42697230,Curtici,18,2026.07,Operatori medii 1
COROAMA-TIETJEN.SRL,R13776730,Galanesti,18,2026.07,Operatori medii 1
TRANSLORA SRL,R29543404,Ramnicu Valcea,21,2026.07,Operatori medii 1
INSERT AUTO SERVICE SRL,R6865958,Pitesti,27,2026.07,Operatori medii 1
OXI-GAZ PROIECT SRL,R27961370,PICIOR DE MUNTE,31,2026.07,Operatori medii 1
GANAND IMPEX SRL,R12590819,Malaia,32,2026.07,Operatori medii 1
GEROM INTERTRANS S.R.L,R3875094,Blejoi,38,2026.07,Operatori medii 1
BANTUT SRL,R6418160,Medias,13,2026.07,Operatori medii 1
ALETRANS SRL,R16158245,Chiajna,13,2026.07,Operatori medii 1
RCB ELECTRO 97 SA,R7488031,Bistrita,13,2026.07,Operatori medii 1
GABI INTERNATIONAL TRANSPORT SRL,R13880179,Sebes,13,2026.07,Operatori medii 1
GREBTRANS SRL,R13620152,Sangeorgiu de Mures,15,2026.07,Operatori medii 1
COGETIL TRANSILVANIA SRL,R3591831,Medias,16,2026.07,Operatori medii 1
IANYS SRL,R3795475,Calarasi,17,2026.07,Operatori medii 1
ROYAL RETA TRANSPORT SRL,R36295131,Cuca,17,2026.07,Operatori medii 1
MEGA DAVID TRANSPORT SRL,R37102689,Lipovat,23,2026.07,Operatori medii 1
COLCEAR LOGISTICS GROUP SRL,R7212299,zavoi,25,2026.07,Operatori medii 1
PROFESIONAL TRANS SRL,R6681157,Targoviste,27,2026.07,Operatori medii 1
SZABOTRANS SRL,R21203989,Zerind,30,2026.07,Operatori medii 1
SC.IULIAN LIPA TRANS.SRL,R30291173,Baia Mare,31,2026.07,Operatori medii 1
SPEEDARG NATIR SRL,R39014141,Pitesti,13,2026.07,Operatori medii 1
LUPTRANS SRL,R949421,Andriesesti,13,2026.07,Operatori medii 1
MONDO TRANS,R8398514,Arad,13,2026.07,Operatori medii 1
BUSINESSFAN SRL,R27179243,Sadova,14,2026.07,Operatori medii 1
PORTOSTRANS SRL,R10747110,Rona de Sus,18,2026.07,Operatori medii 1
FAMIRO TRANS SRL,R193602,Campulung,18,2026.07,Operatori medii 1
COM DIVERS LAZAR JR,R28267041,Bascov,19,2026.07,Operatori medii 1
TRANSSAMI SRL,R18236862,Suceava,24,2026.07,Operatori medii 1
POP DEPOZIT LOGISTICA SRL,R25700425,Craiova,25,2026.07,Operatori medii 1
NATALE IMPEX SRL,R4883087,Oradea,13,2026.07,Operatori medii 1
ELISA PAN SRL,R2508723,Faget,13,2026.07,Operatori medii 1
ARI&ERI LOGISTICS SRL,R35033612,Vaslui,14,2026.07,Operatori medii 1
NEPO SRL,R23821013,Targoviste,14,2026.07,Operatori medii 1
PARITRANS SRL,R6657108,Targoviste,14,2026.07,Operatori medii 1
PEDRO ALIN,R16343633,Milisauti,14,2026.07,Operatori medii 1
GB LOGISTICS SRL,R27244856,Galati,24,2026.07,Operatori medii 1
RUSU MARIN SRL,R892783,Tartasesti,28,2026.07,Operatori medii 1
LARIFARM TRANSPORT & EXPEDITII SRL,R27098602,Arad,30,2026.07,Operatori medii 1
LAZAR TRANS SRL,R21634523,Casin,38,2026.07,Operatori medii 1
TIESSE TRANS,R18313639,Sambateni,14,2026.07,Operatori medii 1
SELESI TRANS SRL,R14998327,Oradea,16,2026.07,Operatori medii 1
HERMANO TRANS S.R.L.,R26140342,remeti,18,2026.07,Operatori medii 1
AMICII WEST PLAST 2003 SRL,R16012850,Pitesti,18,2026.07,Operatori medii 1
EURO ACTIV,R677289,Zalau,18,2026.07,Operatori medii 1
EXPERT CLASS SRL,R17888396,Sibiu,22,2026.07,Operatori medii 1
OLDIES SRL,R10329435,Satu Mare,23,2026.07,Operatori medii 1
FRIKUS ROMANIA SRL,R42008115,Curtici,28,2026.07,Operatori medii 1
GKF FASTLIONS SRL,R39588446,IZVORU ANESTILOR,30,2026.07,Operatori medii 1
TRANS PRIMA SRL,R5531011,Alba Iulia,32,2026.07,Operatori medii 1
TUTU TRANS SRL,R12783585,Targu Mures,33,2026.07,Operatori medii 1
MIU ROBERT TRANS SRL,R17067706,Targoviste,13,2026.07,Operatori medii 1
EMISER LOGISTIC SRL,R34297713,TAUTII-MAGHERAUS,15,2026.07,Operatori medii 1
CIPLEU DANIEL,R19228523,Oradea,15,2026.07,Operatori medii 1
BEST BRO GROUP SRL,R37128409,Dranceni,16,2026.07,Operatori medii 1
SOSAN,R18802414,Suciu de Sus,16,2026.07,Operatori medii 1
EAST SERVICE SEBES SRL,R6047509,Sebes,20,2026.07,Operatori medii 1
POLSINO TRANS SRL,R6117604,Seini,21,2026.07,Operatori medii 1
EXCELENT TRANS S.R.L.,R18413212,Aiud,23,2026.07,Operatori medii 1
AUTO IMPEX TC SRL,R3506097,Sibiu,23,2026.07,Operatori medii 1
VOLANUL DE AUR SRL,R6073583,Oradea,26,2026.07,Operatori medii 1
CEDY LIQUIDS LOGISTICS SRL,R36682065,Craiova,35,2026.07,Operatori medii 1
TRANS TUR ARDELEAN SRL,R12118779,Baia Mare,13,2026.07,Operatori medii 1
EURO VASILAS SRL,R28443024,Suceava,14,2026.07,Operatori medii 1
LA STAMPA SRL,R14669855,Sperieteni,15,2026.07,Operatori medii 1
NICODENISS TRANS SRL,R6564742,Albesti,17,2026.07,Operatori medii 1
LABIRINT COM,R3776414,Fratautii Vechi,17,2026.07,Operatori medii 1
BEBE TOUR S.R.L.,R14723520,Cojocna,17,2026.07,Operatori medii 1
COSMOCRIS COM SRL,R5488477,Targoviste,18,2026.07,Operatori medii 1
PREMIUM PORC FEED S.R.L.,R22386248,Golesti,18,2026.07,Operatori medii 1
DML SOLUTIONS SRL,R22493376,Sacalaz,13,2026.07,Operatori medii 1
ROBYSSAB S.R.L.,R26063010,Suceava,13,2026.07,Operatori medii 1
REALIZAREA TRANS,R10092613,Suceava,13,2026.07,Operatori medii 1
G & CO EURO SPEDITION TOP S.R.L,R27960243,Poiana Lacului,13,2026.07,Operatori medii 1
SIVINTRAVEL S.R.L.,R29567993,Gorban,13,2026.07,Operatori medii 1
MALITRANS EUROPE SRL,R33127745,Veresti,13,2026.07,Operatori medii 1
CORANIU SPEED CMI SRL,R30301439,Pitesti,13,2026.07,Operatori medii 1
FORNACAR SRL,R25167781,Bucuresti,13,2026.07,Operatori medii 1
NICO-GYN-CIPRIAN SRL,R35271924,Bals,13,2026.07,Operatori medii 1
AXO LOGISTIC SOLUTION,R44580325,Iasi,14,2026.07,Operatori medii 1
LIDIANA L & V SRL,R14345689,Gherta Mare,14,2026.07,Operatori medii 1
SEMA LOGISTIC.RO SRL,R39899817,Selimbar,14,2026.07,Operatori medii 1
LE BARON SRL,R18771466,Bucuresti,14,2026.07,Operatori medii 1
VP AUTOTIR SRL,R40290132,Bucuresti,14,2026.07,Operatori medii 1
OMEGA EXPRESS MMP SRL,R46090257,Bradu,14,2026.07,Operatori medii 1
EASTSHIP – MS WIND LOGISTICS S.R.L.,R47162173,Constanta,14,2026.07,Operatori medii 1
OST MOTION SRL,R27699424,Vladimirescu,14,2026.07,Operatori medii 1
NIANAR SRL,R30208012,Valea Lupului,15,2026.07,Operatori medii 1
WAY FARER TRANS SRL,R18237000,Radauti,15,2026.07,Operatori medii 1
PREDIFANTUS TRANS SRL,R26932377,Curtea de Arges,15,2026.07,Operatori medii 1
TNT ROMANIA S,R1592989,Bucuresti,15,2026.07,Operatori medii 1
WALTER SRL,R11685724,Petresti,16,2026.07,Operatori medii 1
TORNADO TRUCKS SRL,R36911550,Mescreac,16,2026.07,Operatori medii 1
OKT TRANSPORT SRL,R25627707,Sibiu,17,2026.07,Operatori medii 1
ETIFATRANS SRL,R8919396,Brasov,17,2026.07,Operatori medii 1
FIRST TRANS CPM,R29535738,Buzau,17,2026.07,Operatori medii 1
RIA CLASS EXCLUSIV SRL,R22348481,Pitesti,18,2026.07,Operatori medii 1
BEYLIK TRANSPORT SRL,R34183530,Pitesti,18,2026.07,Operatori medii 1
PRIMATIR S.R.L.,R27379136,Iasi,18,2026.07,Operatori medii 1
ALIN S SPEEDLOG TRANSPORT SRL,R34062687,Drobeta Turnu Severin,19,2026.07,Operatori medii 1
COBAN BOLTAS SRL,R35044514,Chitila,19,2026.07,Operatori medii 1
TRANSFABI LOG SRL,R22366003,Targu Mures,19,2026.07,Operatori medii 1
UNIOIL SRL,R25889490,410559 ORADEA,19,2026.07,Operatori medii 1
GUVEN ASFALT SRL,R46780648,Floresti,20,2026.07,Operatori medii 1
ANDOR DRIVE GROUP SRL,R36645709,Iasi,20,2026.07,Operatori medii 1
TGL RO TRANSPORT SRL,R49253251,Ghimbav,20,2026.07,Operatori medii 1
BOB TRUCKS SRL,R48363540,Cluj Napoca,20,2026.07,Operatori medii 1
AULEX COM,R17575445,Moreni,20,2026.07,Operatori medii 1
CESPED ROMANIA SA,R13301951,Cluj Napoca,21,2026.07,Operatori medii 1
TRANSALEX,R1677848,Arad,21,2026.07,Operatori medii 1
ETA TRUCKLOGISTIC SRL,R40290205,Bucuresti,22,2026.07,Operatori medii 1
ANDRION PAVTRANS SRL,R28133767,CORBENI,22,2026.07,Operatori medii 1
VAN-VALINA TRANS SRL,R23699723,Vaslui,22,2026.07,Operatori medii 1
SC PAK-ONE TRANSPORT SRL,R42004571,Vanatori,23,2026.07,Operatori medii 1
FOCUS TRANS AUTO SRL,R17545274,Pitesti,23,2026.07,Operatori medii 1
MIRINEC SRL,R16024707,Bosanci,24,2026.07,Operatori medii 1
GENPRIMTRANS SRL,R43486630,Iasi,24,2026.07,Operatori medii 1
JCL LOGISTICS ROMANIA,R28837908,Introduce?i o localitate...,24,2026.07,Operatori medii 1
ALEXTRANS SRL,R14428156,Ogra,24,2026.07,Operatori medii 1
INTERCOMBI DANUBE SRL,R22803515,Bucuresti,25,2026.07,Operatori medii 1
FULGER  SPEED TRANS SRL,R30451169,Bucuresti,25,2026.07,Operatori medii 1
INTERTRANS CONTINENTAL SRL,R17778156,Pitesti,25,2026.07,Operatori medii 1
RO-SARGU TRANS SRL,R34915350,Vaslui,26,2026.07,Operatori medii 1
CSKLOGISTICS SRL,R33483483,Iasi,27,2026.07,Operatori medii 1
LUBBERS ROMANIA SRL,R26390799,Aricestii Rahtivani,27,2026.07,Operatori medii 1
BITUM TRUCK SRL,R28577123,Bucuresti,29,2026.07,Operatori medii 1
TUR TRANSIT INTERNATIONAL TRANSPORT,R27868094,Bucuresti,30,2026.07,Operatori medii 1
MS SPECIAL PROJECTS TRANSPORTS SRL,R15201606,Cristesti,30,2026.07,Operatori medii 1
F.LLI CANIL.RO TRANSPORT SRL,R39166425,Bradu,30,2026.07,Operatori medii 1
MDE TRANS SRL,R32238788,Iasi,31,2026.07,Operatori medii 1
AMY EUROTRUCKS SRL,R43991217,"Sat Miroslava,Comuna Miroslava",32,2026.07,Operatori medii 1
TRANSAF LOGISTICS SRL,R30277551,Iasi,35,2026.07,Operatori medii 1
VER-ANATOL TRANS SRL,R27333309,Iasi,35,2026.07,Operatori medii 1
M.M.M. TRANS COMPANY SRL,R18556450,Arad,35,2026.07,Operatori medii 1
AGUAVIVA SRL,R29195318,Beclean,36,2026.07,Operatori medii 1
FRA EXPRESS SRL,R35205726,Alba Iulia,37,2026.07,Operatori medii 1
JAN DE LELY TRANSPORT SRL,R30042601,Chislaz,38,2026.07,Operatori medii 1
FELBERMAYR ROMANIA S.R.L.,R18265450,Dragomiresti Vale,39,2026.07,Operatori medii 1
AUTOTRANSPORT GOLO PIERGIORGIO,R18481179,Rosiori,51,2026.07,Operatori medii 2
SYLC CON TRANS SRL,R16356935,Arad,40,2026.07,Operatori medii 2
SEIF ROAD LOGISTIC SRL,R28576683,Pitesti,48,2026.07,Operatori medii 2
GALDUM IMPORT EXPORT SRL,R1327680,Mizil,49,2026.07,Operatori medii 2
RAVY PREST SRL,R17946993,Sibiu,62,2026.07,Operatori medii 2
T.L.I. ROUTIER SRL,R26254460,Craiova,50,2026.07,Operatori medii 2
MALIZIA LORRY SRL,R3976668,Faget,40,2026.07,Operatori medii 2
DRUMURI MUNICIPALE S.A.,R3286536,Timisoara,48,2026.07,Operatori medii 2
FILADELFIA SRL,R3937650,Sintereag,42,2026.07,Operatori medii 2
LAGERMAX AUTOTRANSPORT,R9449810,Curtici,115,2026.07,Operatori mari
VICONEX-TRANS SRL,R23068404,Bacau,49,2026.07,Operatori medii 2
ROM VEGA TRADING SRL,R6494930,Bradu,53,2026.07,Operatori medii 2
CARGO TRANS SRL,R19220295,Cisnadie,54,2026.07,Operatori medii 2
WHEELS SPEDITION SRL,R13607994,Pitesti,57,2026.07,Operatori medii 2
HORVATH&VANCSA TRANS SRL,R11213594,Sfantu Gheorghe,77,2026.07,Operatori medii 2
MUNTO EXPRESS SRL,R28223622,Bacau,47,2026.07,Operatori medii 2
CATY TRANS INTERNATIONAL SPED SRL,R32482773,COMUNA BASCOV,85,2026.07,Operatori medii 2
COMPACT LACOLI,R136917,Pitesti,59,2026.07,Operatori medii 2
BOLINTIS AGRO,R32173859,Daia,44,2026.07,Operatori medii 2
GAMA & GAMA SRL,R6851669,CULCIU MARE,58,2026.07,Operatori medii 2
NOANE HOCMAN COMPANY SRL,R18226206,HIDISELUL DE SUS,41,2026.07,Operatori medii 2
HOLLEMAN SPECIAL TRANSPORT & PROJECT CARGO SRL,R22941739,Bucuresti,79,2026.07,Operatori medii 2
PETRALUPS PROD SRL,R6838694,Vistea de Sus,43,2026.07,Operatori medii 2
ALCONOR COMPANY SRL,R12381480,Carei,67,2026.07,Operatori medii 2
OST TRANSPORT,R5183383,Vladimirescu,48,2026.07,Operatori medii 2
TRANSCOM SRL,R5681094,Filipestii de Targ,121,2026.07,Operatori mari
ALEXNEL SRL,R9144964,Dragalina,58,2026.07,Operatori medii 2
DAMILA SRL,R2552702,Maciuca,75,2026.07,Operatori medii 2
IUBI EXIM SRL,R7591494,Stei,125,2026.07,Operatori mari
TRANSILVANIA AUTOSERVICE,R24181893,Ineu,63,2026.07,Operatori medii 2
TOTAL TRANS S.R.L.,R5136012,Ploiesti,64,2026.07,Operatori medii 2
ALEX INTERNATIONAL TRANSPORT 94 SRL,R5635489,Bucuresti,40,2026.07,Operatori medii 2
EDIGO TRANS,R23117280,Boldesti Scaieni,43,2026.07,Operatori medii 2
TRUCK SUPPLY EUROPE SRL,R29236418,Ploiesti,85,2026.07,Operatori medii 2
ADRIAN TRANS SRL,R11797914,Muntenii de Jos,72,2026.07,Operatori medii 2
TIR COM JUNIOR 2019 S.R.L,R41357087,Co?e?ti,41,2026.07,Operatori medii 2
DIMAR SRL,R5157538,Bucuresti,39,2026.07,Operatori medii 1
BON-TRANS,R2725005,Marghita,111,2026.07,Operatori mari
APOGEUS COM SRL,R7326374,Braila,51,2026.07,Operatori medii 2
WIM BOSMAN SRL,R2698644,Ploiesti,48,2026.07,Operatori medii 2
LAMUREAN TRANS SRL,R16943352,Bogata,85,2026.07,Operatori medii 2
TRANS RUBY,R17279520,Milisauti,50,2026.07,Operatori medii 2
CHESCA SPEDITION,R35468749,Galati,77,2026.07,Operatori medii 2
MODERN TRADING,R6277826,Arad,75,2026.07,Operatori medii 2
RAD-TRANS SRL,R6617219,Bacau,45,2026.07,Operatori medii 2
PRACTIC OIL SRL,R29008746,Hereclean,49,2026.07,Operatori medii 2
SELCAR INTERNATIONAL SRL,R15192605,Bucuresti,46,2026.07,Operatori medii 2
VECTRA LOGISTIC SRL,R22842786,Brasov,65,2026.07,Operatori medii 2
GRIGORIU-P SRL,R2224853,Oncesti,42,2026.07,Operatori medii 2
GLENCORA IMPEX SRL,R5113280,Bacau,52,2026.07,Operatori medii 2
AUTOCRISANA SA,R67051,Oradea,64,2026.07,Operatori medii 2
ALDESTAR TOP TRANSPORT SRL,R29895222,Mioveni,61,2026.07,Operatori medii 2
LANCETTI TRANSPORT SRL,R17792550,Oradea,119,2026.07,Operatori mari
TITANIC GRUP SRL,R6748290,Pitesti,108,2026.07,Operatori mari
GAIA INTERNATIONAL TRANSPORT SRL,R21147900,Pitesti,64,2026.07,Operatori medii 2
VECTRA INTERNATIONAL SRL,R7184520,Zarnesti,127,2026.07,Operatori mari
BENETON SERV SRL,R7083240,Bezdead,41,2026.07,Operatori medii 2
A&S TURISM CONSTRUCT SRL,R22204419,Baia de Fier,72,2026.07,Operatori medii 2
SIMER IMPEX SRL,R10157461,SINTIOANA,74,2026.07,Operatori medii 2
DELTRANS GRUP & RO SRL,R24158238,Gorban,44,2026.07,Operatori medii 2
CAPITALY TAXI,R17202705,Sfantu Gheorghe,48,2026.07,Operatori medii 2
SAAN FBN ROMANIA S.R.L.,R45394185,Cluj-Napoca,40,2026.07,Operatori medii 2
CAT`YN C&S TRANS SRL,R30459510,DROBETA TURNU-SEVERIN,42,2026.07,Operatori medii 2
COMILGA SRL,R10823667,Iaslovat,55,2026.07,Operatori medii 2
BIPMOBILE SRL,R14955377,Timisoara,81,2026.07,Operatori medii 2
OPREAN SRL,R4997340,Sebes,95,2026.07,Operatori medii 2
TAUROS,R11710402,Semlac,39,2026.07,Operatori medii 1
INTERMED & SERV COMPUTERS SRL,R19685215,Pitesti,64,2026.07,Operatori medii 2
OVT LOGISTICZENTRUM S.R.L,R14875839,Dumbravita,74,2026.07,Operatori medii 2
MISTIO IMPEX SRL,R5797936,Filipestii de Padure,67,2026.07,Operatori medii 2
CORNETRANS SRL,R26940930,Suceava,39,2026.07,Operatori medii 1
CEREALCOM DOLJ S.A,R9646278,Craiova,42,2026.07,Operatori medii 2
DAN EUROTRANS,R1684756,Arad,46,2026.07,Operatori medii 2
RIWO TRANSPORT,R14048734,Apahida,58,2026.07,Operatori medii 2
TRANS ZAMFIR,R16637256,Bosanci,43,2026.07,Operatori medii 2
TRANS AVRAM SRL,R12924048,Sebes,56,2026.07,Operatori medii 2
SCAN TIM SRL,R19408389,Timisoara,60,2026.07,Operatori medii 2
ISTRATE COM SRL,R10704330,Sibiu,45,2026.07,Operatori medii 2
ICIRUAL 2003 SRL,R15374348,Arad,54,2026.07,Operatori medii 2
EXPOLORRY TRANS SRL,R36778900,Barlad,55,2026.07,Operatori medii 2
MEDART LOGISTICS,R27862946,Galati,117,2026.07,Operatori mari
NVA TIRCOMPANY,R36048514,Iasi,64,2026.07,Operatori medii 2
TRANS ORZA SRL,R9479676,Sighetul Marmatiei,41,2026.07,Operatori medii 2
TEUER INTL SRL,R15709346,Santana de Mures,66,2026.07,Operatori medii 2
TRANSPORT AUTO PLOIESTI 1 SA,R1354650,Ploiesti,53,2026.07,Operatori medii 2
BLACK SEA SUPPLIERS,R8877045,Constanta,41,2026.07,Operatori medii 2
TRANS PINK INTERNATIONAL SRL,R10904788,Satu Mare,51,2026.07,Operatori medii 2
GIORGIO TRANS SRL,R643243,Satu Mare,69,2026.07,Operatori medii 2
AC MOBILE,R15909492,SPATARESTI,39,2026.07,Operatori medii 1
SPEED LINE TRUCK SERVICE SRL,R37614182,Arad,97,2026.07,Operatori medii 2
ALFA CAR SRL,R5075179,Galati,51,2026.07,Operatori medii 2
DUMAGAS TRANSPORT SA,R16020497,Podari,92,2026.07,Operatori medii 2
NELCO,R9892795,Arad,58,2026.07,Operatori medii 2
ATLAS TRANSLOGISTICS SRL,R18548031,Constanta,39,2026.07,Operatori medii 1
ATLAS TOUR SRL,R17807448,Mihai Viteazu,45,2026.07,Operatori medii 2
CRICTRANS SRL,R13326271,Oradea,45,2026.07,Operatori medii 2
KSC TRANSPORT SRL,R7697909,Oradea,96,2026.07,Operatori medii 2
BIGRITRANS SRL,R25849525,Iasi,72,2026.07,Operatori medii 2
GRUBER LOGISTICS SRL,R31257455,Oradea,80,2026.07,Operatori medii 2
CERES PAN SRL,R12805209,Jibou,47,2026.07,Operatori medii 2
CDC TRANSPORT INNOVATIONS S.R.L.,R27345729,Pecica,75,2026.07,Operatori medii 2
TRANS-AUTORO SRL,R14315661,Ramnicu Valcea,41,2026.07,Operatori medii 2
GEO SPED SRL,R14422110,Satu Mare,63,2026.07,Operatori medii 2
VIATOR & VEKTOR RO SRL,R16081303,Mioveni,101,2026.07,Operatori mari
DEVEGA,R26244980,Oradea,55,2026.07,Operatori medii 2
SC SILORENT TCS SRL,R18763870,TANCABEST,60,2026.07,Operatori medii 2
C&A FRACHT TRANSPORT LOGISTIK,R29190140,Giurgiu,86,2026.07,Operatori medii 2
TRANSOLUT S.R.L,R17039412,Oradea,90,2026.07,Operatori medii 2
DE GIROLAMI INTERNATIONAL TRANSPORT S.R.L.,R28980206,Arad,39,2026.07,Operatori medii 1
MVT LOGISTIK,R14478022,Chisoda,103,2026.07,Operatori mari
HAGERO SRL,R6794792,Sarbi,86,2026.07,Operatori medii 2
SORCANI SRL,R4846615,Sibiu,105,2026.07,Operatori mari
EU RO SPEED,R5752330,Arad,58,2026.07,Operatori medii 2
STINAV SRL.,R28456962,Roscani,68,2026.07,Operatori medii 2
CRAISS TRANSPORT SRL,R30228958,Sibiu,79,2026.07,Operatori medii 2
ARAISA GROUP SRL,R21730059,Suceava,95,2026.07,Operatori medii 2
CARTRANS PREDA S.R.L.,R6000034,Ploiesti,101,2026.07,Operatori mari
BOGLAVIS TRANS SRL,R12391603,Oradea,54,2026.07,Operatori medii 2
POLACH LOGISTICS&TRANSPORT SRL,R33238832,Arad,86,2026.07,Operatori medii 2
SABIKO-IMPEX,R5614141,Timisoara,82,2026.07,Operatori medii 2
MAN TRANSPORT SERVICE SRL,R14064799,Ocna Mures,42,2026.07,Operatori medii 2
SVEND E. SOERENSEN SRL,R34411400,Bistrita,69,2026.07,Operatori medii 2
TRANSCONDOR SA,R11168477,Arad,72,2026.07,Operatori medii 2
AGRICOLA INTERNATIONAL SA,R2816014,Bacau,70,2026.07,Operatori medii 2
P&G KRAFT SPEDITION SRL,R17737032,Pitesti,66,2026.07,Operatori medii 2
AYRTON TRANS,R13819873,Vladimirescu,102,2026.07,Operatori mari
SEMIRAMIS SRL,R146651,Pitesti,51,2026.07,Operatori medii 2
MAVROS CONSULT SRL,R18951920,Seitin,89,2026.07,Operatori medii 2
VIO TRANSGRUP SRL,R13476201,Arad,109,2026.07,Operatori mari
EW LOGISTICS EXPRESS SRL,R31195069,Galati,59,2026.07,Operatori medii 2
FARTUD SRL,R14474675,Ortisoara,44,2026.07,Operatori medii 2
VOS LOGISTICS BULK S.A.,R36749084,Cluj Napoca,40,2026.07,Operatori medii 2
AVIS TRANS SRL,R21317541,Iasi,41,2026.07,Operatori medii 2
MLK TRANS & LOGISTIC SRL,R32658242,"BUCURESTI, SECTOR 6",42,2026.07,Operatori medii 2
JUMBO EXPRESS SRL,R32374437,Vaslui,44,2026.07,Operatori medii 2
T.B.T. LOGISTIC INTERNATIONAL SRL,R29934631,Brasov,45,2026.07,Operatori medii 2
KRAFT LOGISTIC SRL,R21324859,Sighisoara,47,2026.07,Operatori medii 2
SITRA RO SRL,R35979824,Stefanesti,49,2026.07,Operatori medii 2
JAN DE LELY SRL,R26665539,Chislaz,54,2026.07,Operatori medii 2
EURO FLEET TRANSPORTS SRL,R29357401,Gilau,54,2026.07,Operatori medii 2
FRITZ MAYER SRL,R24179842,Baia Mare,54,2026.07,Operatori medii 2
GENIAD INTEREXPRES SRL,R27567300,Pitesti,54,2026.07,Operatori medii 2
TRANS TOMICRIS SRL,R15309412,Buzau,55,2026.07,Operatori medii 2
KALOMIN IMPEX SRL,R7904451,Baicoi,58,2026.07,Operatori medii 2
ALPASTRANSPORT SRL,R37531451,Vaslui,58,2026.07,Operatori medii 2
SOIVTRANS EXPRESS SRL,R27517425,Gorban,59,2026.07,Operatori medii 2
RUTILLI ADOLFO SRL,R13569610,Iasi,60,2026.07,Operatori medii 2
MEGA VIO TRANS,R31123437,Iasi,61,2026.07,Operatori medii 2
EST EUROPA EXPEDITII SRL,R36367769,Timisoara,65,2026.07,Operatori medii 2
BEFYRST S.R.L.,R24548443,Holboca,72,2026.07,Operatori medii 2
DAN & D-TRANSPLUS SRL,R32195784,Iasi,73,2026.07,Operatori medii 2
GMT EUROTRANS SRL,R37085111,"Sat Miroslava,Comuna Miroslava",74,2026.07,Operatori medii 2
INT.TRANSPORTE POPOVICI SRL,R9484800,Sfantu Gheorghe,81,2026.07,Operatori medii 2
AUTA MAROCCHI SPA TRIESTE SUCURSALA BUCURESTI,R51374514,"BUCURESTI, SECTOR 6",89,2026.07,Operatori medii 2
HOEDLMAYR-LAZAR ROMANIA SRL,R14543457,Bascov,93,2026.07,Operatori medii 2
TERRAVIA SRL,R23516559,Sannicolau Mare,97,2026.07,Operatori medii 2
ROMSTYLIMPEX SRL,R7953837,Targoviste,252,2026.07,Operatori mari
DUNCA EXPEDITII,R6725130,Dumbravita,203,2026.07,Operatori mari
ELITON-TRANS SRL,R6795313,Pitesti,155,2026.07,Operatori mari
COM DIVERS AUTO RO SA,R6833743,Bascov,191,2026.07,Operatori mari
VAMPIRINA SRL,R39808312,Babeni,161,2026.07,Operatori mari
BINAR SPEED EXCLUSIVE SRL,R25184383,Valenii de Munte,370,2026.07,Operatori mari
AQUILA PART.PROD.COM.SRL,R6484554,Ploiesti,196,2026.07,Operatori mari
CARBON LOGISTIC S.A.,R21747255,Giarmata,212,2026.07,Operatori mari
LUAR,R3605708,Arad,167,2026.07,Operatori mari
TOTAL NSA SRL,R9315010,Saliste,167,2026.07,Operatori mari
DUVENBECK LOGISTIK SRL,R17802998,Cristian,180,2026.07,Operatori mari
CRIBOSER SRL,R18743121,Oradea,166,2026.07,Operatori mari
DIANTHUS COMPANY SRL,R4583209,Geamana,184,2026.07,Operatori mari
INTERNATIONAL LAZAR COMPANY SRL,R6443910,Bascov,185,2026.07,Operatori mari
TRANSPECO LOGISTICS&DISTRIBUTION SA,R21842923,Bucuresti,343,2026.07,Operatori mari
TREIRO SRL,R10813353,Magurele,259,2026.07,Operatori mari
MARACANA,R1852795,Biled,136,2026.07,Operatori mari
IGNITE LOGISTIC SRL,R32632862,Sibiu,204,2026.07,Operatori mari
TRANS EURO EXPRESS 94 SRL,R5603754,Bucuresti,292,2026.07,Operatori mari
LAGUNA TECHNOLOGY,R24724116,Pitesti,166,2026.07,Operatori mari
EXPRESS EUROSCAN SRL,R20169676,Bosanci,212,2026.07,Operatori mari
RAVITEX SRL,R12767130,Oradea,151,2026.07,Operatori mari
VOS LOGISTICS CARGO S.A.,R36749025,Cluj Napoca,162,2026.07,Operatori mari
ARCESE TRANSPORT SRL,R27974796,Dej,170,2026.07,Operatori mari
INTERNATIONAL ALEXANDER SRL,R16002342,Arad,165,2026.07,Operatori mari
LOGISTIC E. VAN WIJK S.R.L.,R6654810,Sannicoara,199,2026.07,Operatori mari
TRANSMEC RO SRL,R21763919,Gherla,181,2026.07,Operatori mari
CARBIVTIR COMPANY S.R.L.,R33215960,Iasi,164,2026.07,Operatori mari
H ESSERS SRL,R16335762,Oradea,212,2026.07,Operatori mari
FILIP FLEET SRL,R33153132,Arad,325,2026.07,Operatori mari
GARTNER EUROTRANS ROMANIA,R31637764,Sanandrei,191,2026.07,Operatori mari
ARABESQUE SRL,R5340801,Galati,295,2026.07,Operatori mari
KLG TRUCKING SRL,R30689919,Bolintin Deal,222,2026.07,Operatori mari
A&C INTERNATIONAL ROAD CARGO SRL,R29555735,Pitesti,236,2026.07,Operatori mari
DOLO TRANS OLIMPIC S.R.L.,R29241660,Pitesti,322,2026.07,Operatori mari
MARVICON SRL,R34957399,Oradea,269,2026.07,Operatori mari
CLM TRANS SRL,R23862943,Galati,140,2026.07,Operatori mari
MEGA TRUCKING TIMISOARA SRL,R33823313,Timisoara,388,2026.07,Operatori mari
SPEED LINE IMPEX SRL,R17589076,Arad,321,2026.07,Operatori mari
EUROPEAN LOGISTICS SRL,R17650750,Bascov,232,2026.07,Operatori mari
LG TRANS SRL,R14871250,Turda,166,2026.07,Operatori mari
TANCRAD SRL,R8006670,Galati,130,2026.07,Operatori mari
HTR SPEDITION SRL,R32775730,Iasi,139,2026.07,Operatori mari
EU TRUCKING SERVICE S.R.L.,R35309077,Bucuresti,227,2026.07,Operatori mari
LUSCAN COM SRL,R1148138,Buzau,241,2026.07,Operatori mari
TRANS SESE SRL,R22116694,Cluj Napoca,241,2026.07,Operatori mari
BLUE RIVER BUCURESTI 78 SRL,R13400556,Bucuresti,263,2026.07,Operatori mari
